type,startTime,endTime,hierarchyLevel,probability,placeID,semanticType,topCandidateProbability,lat,lon,activityType,startLat,startLon,endLat,endLon,distanceMeters
visit,2025-12-14T18:44:42.353-03:00,2025-12-16T10:48:57.999-03:00,0,0.638436,ChIJs9eus_jKvJUR1dqsWhyBEc4,Unknown,0.083029,-34.622176,-58.416598,,,,,,
activity,2025-12-16T10:48:57.999-03:00,2025-12-16T10:49:30.998-03:00,,0.992616,,,0.620487,,,in passenger vehicle,-34.542829,-58.488698,-34.546957,-58.490032,477.609711
visit,2025-12-16T10:49:30.998-03:00,2025-12-18T20:59:55.989-03:00,0,0.785740,ChIJiXqyScC2vJURa7eDXB_4r7Q,Unknown,0.289520,-34.546486,-58.487853,,,,,,
visit,2025-12-18T20:59:55.989-03:00,2025-12-19T06:12:05.000-03:00,0,0.686614,ChIJL2QXshm2vJURoaJGC-O6mDU,Unknown,0.238111,-34.598394,-58.482673,,,,,,
visit,2025-12-19T06:12:05.000-03:00,2025-12-19T20:34:17.989-03:00,0,0.811390,ChIJW9Q_USW2vJURBLWF90xb3GE,Searched Address,0.338388,-34.601037,-58.496831,,,,,,
activity,2025-12-19T20:34:17.989-03:00,2025-12-19T21:29:28.997-03:00,,0.973932,,,0.669902,,,in passenger vehicle,-34.598707,-58.482579,-34.608316,-58.452147,2996.554688
visit,2025-12-19T21:29:28.997-03:00,2025-12-21T10:55:22.999-03:00,0,0.782207,ChIJnVwspBrKvJURY_ImDUfP8JI,Unknown,0.084796,-34.608522,-58.451940,,,,,,
activity,2025-12-21T10:55:22.999-03:00,2025-12-21T11:06:20.999-03:00,,0.920563,,,0.491120,,,in passenger vehicle,-34.598302,-58.482338,-34.598931,-58.480489,183.109665
visit,2025-12-21T11:06:20.999-03:00,2025-12-21T17:11:47.149-03:00,0,0.404083,ChIJkYNibhm2vJURFa-1LP1AhAQ,Unknown,0.080695,-34.599308,-58.481189,,,,,,
activity,2025-12-21T17:11:47.149-03:00,2025-12-21T20:23:21.218-03:00,,0.692266,,,0.364720,,,walking,-34.590272,-58.515821,-34.598707,-58.482583,3183.779297
visit,2025-12-21T20:23:21.218-03:00,2025-12-22T18:02:05.122-03:00,0,0.752778,ChIJL2QXshm2vJURoaJGC-O6mDU,Unknown,0.097280,-34.598394,-58.482673,,,,,,
activity,2025-12-22T18:02:05.122-03:00,2025-12-22T18:02:19.999-03:00,,0.954952,,,0.514540,,,in passenger vehicle,-34.580898,-58.473754,-34.581262,-58.474358,68.501808
visit,2025-12-22T18:02:19.999-03:00,2025-12-23T07:43:09.271-03:00,0,0.529306,ChIJMaWo8nK2vJURvGYjh4a3ztk,Unknown,0.105275,-34.581577,-58.473858,,,,,,
visit,2025-12-23T07:43:09.271-03:00,2025-12-23T13:25:02.718-03:00,0,0.601207,ChIJW9Q_USW2vJURBLWF90xb3GE,Searched Address,0.466718,-34.601037,-58.496831,,,,,,
activity,2025-12-23T13:25:02.718-03:00,2025-12-23T14:05:13.461-03:00,,0.912810,,,0.589783,,,walking,-34.600583,-58.487730,-34.604770,-58.492676,649.566895
visit,2025-12-23T14:05:13.461-03:00,2025-12-23T14:07:02.163-03:00,0,0.742203,ChIJnUYyvya2vJUR_gWfJAojEmc,Unknown,0.405151,-34.605671,-58.493047,,,,,,
visit,2025-12-23T14:07:02.163-03:00,2025-12-28T09:31:11.168-03:00,0,0.457000,ChIJWzfmFbwDzpQRJdvWQeyXExI,Unknown,0.522565,-23.952892,-46.310287,,,,,,
visit,2025-12-28T09:31:11.168-03:00,2026-01-01T01:41:21.999-03:00,0,0.532179,ChIJkYNibhm2vJURFa-1LP1AhAQ,Unknown,0.134021,-34.599308,-58.481189,,,,,,
activity,2026-01-01T01:41:21.999-03:00,2026-01-01T02:06:23.981-03:00,,0.974987,,,0.637170,,,in passenger vehicle,-34.575243,-58.484178,-34.587296,-58.413453,7972.227539
activity,2026-01-01T02:06:23.981-03:00,2026-01-01T20:17:40.080-03:00,,0.700989,,,0.423749,,,walking,-34.575196,-58.484334,-34.575164,-58.484322,3.732196
visit,2026-01-01T20:17:40.080-03:00,2026-01-05T00:06:25.028-03:00,0,0.469309,ChIJ3zPfJBW2vJURcTW2IZOC5XY,Searched Address,0.588252,-34.587725,-58.483542,,,,,,
visit,2026-01-05T00:06:25.028-03:00,2026-01-09T19:39:50.693-03:00,0,0.865601,ChIJL2QXshm2vJURoaJGC-O6mDU,Unknown,0.259376,-34.598394,-58.482673,,,,,,
activity,2026-01-09T19:39:50.693-03:00,2026-01-09T19:40:44.000-03:00,,0.986718,,,0.573916,,,in passenger vehicle,-34.599546,-58.494058,-34.600211,-58.495119,122.115402
visit,2026-01-09T19:40:44.000-03:00,2026-01-10T15:55:15.158-03:00,0,0.544034,ChIJMZN-NCW2vJURHgUYv8nYvqs,Unknown,0.346117,-34.600548,-58.495393,,,,,,
visit,2026-01-10T15:55:15.158-03:00,2026-01-11T21:20:53.137-03:00,0,0.413951,ChIJzcLGul_NvJURpUNcRLfmm8k,Searched Address,0.062547,-34.738231,-58.392433,,,,,,
activity,2026-01-11T21:20:53.137-03:00,2026-01-11T21:33:32.998-03:00,,0.989312,,,0.786915,,,walking,-34.597564,-58.486077,-34.592282,-58.489548,1347.048584
visit,2026-01-11T21:33:32.998-03:00,2026-01-12T15:20:48.628-03:00,0,0.764302,ChIJ66iQWzm2vJURRupX3J0cMpw,Unknown,0.069628,-34.593795,-58.488563,,,,,,
visit,2026-01-12T15:20:48.628-03:00,2026-01-12T20:17:16.105-03:00,0,0.774200,ChIJnxcptBm2vJURUCDO05xp7x0,Unknown,0.221235,-34.598056,-58.482930,,,,,,
activity,2026-01-12T20:17:16.105-03:00,2026-01-12T20:19:26.131-03:00,,0.922015,,,0.708654,,,walking,-34.598129,-58.485664,-34.597526,-58.486474,99.977043
visit,2026-01-12T20:19:26.131-03:00,2026-01-13T00:39:58.558-03:00,0,0.557675,ChIJ3V3_XD22vJURUe3kXBlWBsE,Unknown,0.111946,-34.596690,-58.486251,,,,,,
visit,2026-01-13T00:39:58.558-03:00,2026-01-14T13:01:21.565-03:00,0,0.716090,ChIJL2QXshm2vJURoaJGC-O6mDU,Unknown,0.270740,-34.598394,-58.482673,,,,,,
activity,2026-01-14T13:01:21.565-03:00,2026-01-15T10:37:04.822-03:00,,0.648361,,,0.452152,,,in passenger vehicle,-34.598585,-58.482597,-34.611043,-58.433438,4707.609375
visit,2026-01-15T10:37:04.822-03:00,2026-01-15T15:27:51.731-03:00,0,0.832184,ChIJ9WgosRm2vJUR-q_zrVpI7w0,Unknown,0.347367,-34.598193,-58.482649,,,,,,
activity,2026-01-15T15:27:51.731-03:00,2026-01-15T15:35:10.000-03:00,,0.985181,,,0.874856,,,walking,-34.597805,-58.484593,-34.598887,-58.492827,801.206909
visit,2026-01-15T15:35:10.000-03:00,2026-01-15T16:30:51.020-03:00,0,0.862458,ChIJ4ZMHaDu2vJURbAV4QnshtFk,Unknown,0.124325,-34.598115,-58.492418,,,,,,
activity,2026-01-15T16:30:51.020-03:00,2026-01-15T16:35:11.000-03:00,,0.986880,,,0.886598,,,walking,-34.600709,-58.496077,-34.603628,-58.493093,433.870270
visit,2026-01-15T16:35:11.000-03:00,2026-01-15T23:13:14.195-03:00,0,0.720640,ChIJSVFmPiS2vJURWUJBZ-SaiLg,Unknown,0.110141,-34.603242,-58.493043,,,,,,
visit,2026-01-15T23:13:14.195-03:00,2026-01-16T07:45:42.911-03:00,0,0.839983,ChIJL2QXshm2vJURoaJGC-O6mDU,Unknown,0.395167,-34.598394,-58.482673,,,,,,
activity,2026-01-16T07:45:42.911-03:00,2026-01-16T08:11:25.847-03:00,,0.986950,,,0.720040,,,in bus,-34.598446,-58.482213,-34.574214,-58.486189,3613.670166
visit,2026-01-16T08:11:25.847-03:00,2026-01-16T08:15:57.998-03:00,0,0.738542,ChIJQWoDl122vJURxyvqDlM1ypI,Unknown,0.331459,-34.574249,-58.487194,,,,,,
activity,2026-01-16T08:15:57.998-03:00,2026-01-16T11:28:49.391-03:00,,0.626817,,,0.463626,,,walking,-34.581189,-58.490642,-34.576234,-58.487602,617.319458
visit,2026-01-16T11:28:49.391-03:00,2026-01-16T11:52:24.815-03:00,0,0.690381,ChIJOeGkR7O3vJUR5zTPxFrdWVE,Unknown,0.467405,-34.576247,-58.487774,,,,,,
activity,2026-01-16T11:52:24.815-03:00,2026-01-17T01:32:01.550-03:00,,0.902774,,,0.339808,,,in passenger vehicle,-34.576234,-58.487602,-34.598596,-58.482599,2528.436279
visit,2026-01-17T01:32:01.550-03:00,2026-01-17T18:58:07.651-03:00,0,0.583017,ChIJL2QXshm2vJURoaJGC-O6mDU,Unknown,0.044341,-34.598394,-58.482673,,,,,,
activity,2026-01-17T18:58:07.651-03:00,2026-01-17T20:08:05.000-03:00,,0.980720,,,0.812009,,,walking,-34.617947,-58.436743,-34.610269,-58.482297,2158.802246
visit,2026-01-17T20:08:05.000-03:00,2026-01-19T11:28:23.362-03:00,0,0.798843,ChIJZ3f6POHJvJURWipHUfo3btY,Unknown,0.082831,-34.610137,-58.481850,,,,,,
visit,2026-01-19T11:28:23.362-03:00,2026-01-19T12:23:53.346-03:00,0,0.758322,ChIJ9WgosRm2vJUR-q_zrVpI7w0,Unknown,0.300543,-34.598193,-58.482649,,,,,,
activity,2026-01-19T12:23:53.346-03:00,2026-01-19T13:26:26.478-03:00,,0.988388,,,0.795827,,,in bus,-34.598526,-58.482175,-34.581781,-58.473703,7896.341309
visit,2026-01-19T13:26:26.478-03:00,2026-01-20T08:51:41.489-03:00,0,0.738408,ChIJMaWo8nK2vJURvGYjh4a3ztk,Unknown,0.198776,-34.581577,-58.473858,,,,,,
visit,2026-01-20T08:51:41.489-03:00,2026-01-20T17:02:11.621-03:00,0,0.496455,ChIJW9Q_USW2vJURBLWF90xb3GE,Searched Address,0.373764,-34.601037,-58.496831,,,,,,
visit,2026-01-20T17:02:11.621-03:00,2026-01-20T18:07:16.998-03:00,0,0.479289,ChIJ9WgosRm2vJUR-q_zrVpI7w0,Unknown,0.106893,-34.598193,-58.482649,,,,,,
activity,2026-01-20T18:07:16.998-03:00,2026-01-20T20:12:36.023-03:00,,0.842462,,,0.378616,,,in bus,-34.599087,-58.482124,-34.571341,-58.441970,4799.042480
activity,2026-01-20T20:12:36.023-03:00,2026-01-20T20:54:02.999-03:00,,0.978891,,,0.515354,,,walking,-34.571341,-58.441970,-34.599852,-58.481613,5452.260254
visit,2026-01-20T20:54:02.999-03:00,2026-01-21T00:18:54.051-03:00,0,0.732861,ChIJ9WgosRm2vJUR-q_zrVpI7w0,Unknown,0.120273,-34.598193,-58.482649,,,,,,
visit,2026-01-21T00:18:54.051-03:00,2026-01-21T07:24:51.404-03:00,0,0.463130,ChIJL2QXshm2vJURoaJGC-O6mDU,Unknown,0.153076,-34.598394,-58.482673,,,,,,
activity,2026-01-21T07:24:51.404-03:00,2026-01-21T07:25:16.000-03:00,,0.945795,,,0.414346,,,in passenger vehicle,-34.598795,-58.492760,-34.599000,-58.493242,49.624985
visit,2026-01-21T07:25:16.000-03:00,2026-01-23T17:49:46.544-03:00,0,0.514250,ChIJ4ZMHaDu2vJURbAV4QnshtFk,Unknown,0.047073,-34.598115,-58.492418,,,,,,
visit,2026-01-23T17:49:46.544-03:00,2026-01-23T20:06:13.238-03:00,0,0.705284,ChIJiXqyScC2vJURa7eDXB_4r7Q,Unknown,0.357557,-34.546486,-58.487853,,,,,,
activity,2026-01-23T20:06:13.238-03:00,2026-01-23T20:40:09.518-03:00,,0.944946,,,0.749179,,,in passenger vehicle,-34.540845,-58.479639,-34.562202,-58.456355,6495.542480
activity,2026-01-23T20:40:09.518-03:00,2026-01-23T21:09:56.000-03:00,,0.900785,,,0.361023,,,in bus,-34.562202,-58.456355,-34.589939,-58.427976,4477.020020
visit,2026-01-23T21:09:56.000-03:00,2026-01-24T11:59:57.362-03:00,0,0.437440,ChIJbZWxdDC1vJURI_1enmcssws,Unknown,0.093221,-34.589845,-58.428148,,,,,,
activity,2026-01-24T11:59:57.362-03:00,2026-01-24T12:03:35.502-03:00,,0.811234,,,0.372392,,,walking,-34.421990,-58.580098,-34.421106,-58.579550,183.469391
visit,2026-01-24T12:03:35.502-03:00,2026-01-25T12:24:09.262-03:00,0,0.392093,ChIJ98HnDS-lvJUROyH4UwCMuc0,Unknown,0.486642,-34.421608,-58.579637,,,,,,
visit,2026-01-25T12:24:09.262-03:00,2026-01-26T06:54:34.665-03:00,0,0.443728,ChIJoW22OX-mvJURUjodAzzAOPs,Unknown,0.674401,-34.399114,-58.596366,,,,,,
activity,2026-01-26T06:54:34.665-03:00,2026-01-26T07:03:32.649-03:00,,0.931617,,,0.354885,,,in passenger vehicle,-34.418815,-58.579132,-34.423228,-58.581505,544.583496
activity,2026-01-26T07:03:32.649-03:00,2026-01-26T08:02:23.000-03:00,,0.922548,,,0.372607,,,in subway,-34.423228,-58.581505,-34.515522,-58.488330,13556.391602
visit,2026-01-26T08:02:23.000-03:00,2026-01-27T20:21:02.959-03:00,0,0.772593,ChIJudUGETmxvJUR_gzwn_OLI_0,Unknown,0.266712,-34.515045,-58.489206,,,,,,
visit,2026-01-27T20:21:02.959-03:00,2026-01-28T00:48:58.520-03:00,0,0.758545,ChIJ9WgosRm2vJUR-q_zrVpI7w0,Unknown,0.242723,-34.598193,-58.482649,,,,,,
visit,2026-01-28T00:48:58.520-03:00,2026-01-28T08:38:59.621-03:00,0,0.801672,ChIJL2QXshm2vJURoaJGC-O6mDU,Unknown,0.121975,-34.598394,-58.482673,,,,,,
activity,2026-01-28T08:38:59.621-03:00,2026-01-28T08:46:09.999-03:00,,0.957175,,,0.782810,,,walking,-34.587122,-58.486456,-34.582427,-58.489661,600.238403
visit,2026-01-28T08:46:09.999-03:00,2026-01-28T10:16:45.754-03:00,0,0.762283,ChIJzyDvAKS3vJURlYSqTrm11Ek,Unknown,0.403479,-34.581310,-58.490633,,,,,,
activity,2026-01-28T10:16:45.754-03:00,2026-01-28T20:16:19.567-03:00,,0.714743,,,0.301258,,,in passenger vehicle,-34.582437,-58.489996,-34.598634,-58.482581,1924.683838
visit,2026-01-28T20:16:19.567-03:00,2026-01-29T23:59:21.490-03:00,0,0.739964,ChIJ9WgosRm2vJUR-q_zrVpI7w0,Unknown,0.208661,-34.598193,-58.482649,,,,,,
visit,2026-01-29T23:59:21.490-03:00,2026-01-31T17:32:05.752-03:00,0,0.474922,ChIJL2QXshm2vJURoaJGC-O6mDU,Unknown,0.081744,-34.598394,-58.482673,,,,,,
activity,2026-01-31T17:32:05.752-03:00,2026-01-31T17:58:10.000-03:00,,0.987206,,,0.739196,,,in passenger vehicle,-34.683788,-58.385964,-34.586308,-58.394898,11183.143555
visit,2026-01-31T17:58:10.000-03:00,2026-02-01T16:49:48.454-03:00,0,0.796917,ChIJs5EH8aLKvJURw6UX3MYKGKE,Unknown,0.190157,-34.587364,-58.392955,,,,,,
activity,2026-02-01T16:49:48.454-03:00,2026-02-01T16:57:28.384-03:00,,0.725110,,,0.329976,,,walking,-34.577785,-58.403242,-34.577436,-58.405663,224.986282
visit,2026-02-01T16:57:28.384-03:00,2026-02-01T19:16:16.981-03:00,0,0.961057,ChIJ5xQvlGS1vJURk22tVtUgWI4,Unknown,0.194008,-34.578015,-58.404327,,,,,,
activity,2026-02-01T19:16:16.981-03:00,2026-02-01T19:30:25.535-03:00,,0.986126,,,0.765586,,,in passenger vehicle,-34.576716,-58.402833,-34.588790,-58.402732,3245.368408
visit,2026-02-01T19:30:25.535-03:00,2026-02-03T14:20:10.927-03:00,0,0.819966,ChIJxYhmWSLLvJURS8gRFNBQtBM,Unknown,0.160807,-34.588396,-58.402621,,,,,,
visit,2026-02-03T14:20:10.927-03:00,2026-02-03T23:23:40.573-03:00,0,0.871113,ChIJ9WgosRm2vJUR-q_zrVpI7w0,Unknown,0.248359,-34.598193,-58.482649,,,,,,
activity,2026-02-03T23:23:40.573-03:00,2026-02-04T08:50:46.448-03:00,,0.936309,,,0.423735,,,in passenger vehicle,-34.598640,-58.482588,-34.604081,-58.412124,6477.639160
visit,2026-02-04T08:50:46.448-03:00,2026-02-04T12:10:00.834-03:00,0,0.362019,ChIJP9FLhYzKvJURoUraVMD1DPw,Unknown,0.193258,-34.603880,-58.410990,,,,,,
activity,2026-02-04T12:10:00.834-03:00,2026-02-04T13:33:36.765-03:00,,0.807759,,,0.275554,,,in subway,-34.594593,-58.401771,-34.611075,-58.433631,3444.080322
activity,2026-02-04T13:33:36.765-03:00,2026-02-04T13:46:01.435-03:00,,0.939481,,,0.297276,,,in bus,-34.594593,-58.401771,-34.619216,-58.438390,4448.633789
visit,2026-02-04T13:46:01.435-03:00,2026-02-04T14:03:23.087-03:00,0,0.890513,ChIJWTLNJUfKvJURGGfIime5JwA,Unknown,0.440592,-34.619084,-58.437791,,,,,,
visit,2026-02-04T13:46:01.435-03:00,2026-02-04T14:03:23.087-03:00,1,0.890513,ChIJE7zULUfKvJURwdd0JwH67M8,Unknown,0.706114,-34.619185,-58.438072,,,,,,
activity,2026-02-04T14:03:23.087-03:00,2026-02-05T08:46:54.077-03:00,,0.829420,,,0.329123,,,in passenger vehicle,-34.598641,-58.482591,-34.594641,-58.401494,7436.273438
visit,2026-02-05T08:46:54.077-03:00,2026-02-05T11:27:49.664-03:00,0,0.908635,ChIJJUCqlJDKvJURyyqo6m3e0_k,Unknown,0.272902,-34.594675,-58.401998,,,,,,
activity,2026-02-05T11:27:49.664-03:00,2026-02-05T17:09:54.006-03:00,,0.940040,,,0.432255,,,in passenger vehicle,-34.594534,-58.401852,-34.598705,-58.482602,7405.803223
visit,2026-02-05T17:09:54.006-03:00,2026-02-06T11:43:21.624-03:00,0,0.941568,ChIJ9WgosRm2vJUR-q_zrVpI7w0,Unknown,0.251925,-34.598193,-58.482649,,,,,,
activity,2026-02-06T11:43:21.624-03:00,2026-02-06T11:54:28.999-03:00,,0.986122,,,0.857119,,,walking,-34.598670,-58.482331,-34.607243,-58.477620,1109.441040
visit,2026-02-06T11:54:28.999-03:00,2026-02-06T19:10:18.917-03:00,0,0.950912,ChIJvfpPVOLJvJURq0leD_DiiMU,Unknown,0.350845,-34.607522,-58.477740,,,,,,
visit,2026-02-06T19:10:18.917-03:00,2026-02-07T14:36:04.147-03:00,0,0.409893,ChIJ9WgosRm2vJUR-q_zrVpI7w0,Unknown,0.024791,-34.598193,-58.482649,,,,,,
visit,2026-02-07T14:36:04.147-03:00,2026-02-07T16:27:42.499-03:00,0,0.757374,ChIJPyMwk2nKvJURxDEBEU6G-ME,Searched Address,0.564219,-34.611117,-58.433519,,,,,,
activity,2026-02-07T16:27:42.499-03:00,2026-02-07T21:01:48.687-03:00,,0.921942,,,0.423883,,,walking,-34.611028,-58.433750,-34.598997,-58.511423,7312.189453
visit,2026-02-07T21:01:48.687-03:00,2026-02-08T18:58:05.748-03:00,0,0.463508,ChIJwewKkMu3vJUREHcKbgVc5yw,Unknown,0.100210,-34.599694,-58.512222,,,,,,
visit,2026-02-08T18:58:05.748-03:00,2026-02-08T19:15:16.797-03:00,0,0.717421,ChIJV6Xe4vTQvJURO8xB1IFvm_E,Unknown,0.481785,-34.816470,-58.537242,,,,,,
activity,2026-02-08T19:15:16.797-03:00,2026-02-10T10:21:37.754+01:00,,0.995729,,,0.952821,,,flying,-34.814168,-58.540746,40.463577,-3.570995,10083738.000000
visit,2026-02-10T10:21:37.754+01:00,2026-02-10T10:45:11.585+01:00,0,0.416284,ChIJOVbP1ICYpBIRjxcPpUQtfDo,Unknown,0.430073,41.378960,2.139830,,,,,,
visit,2026-02-10T10:45:11.585+01:00,2026-02-10T12:02:49.573+01:00,0,0.787640,ChIJuWTB-pGipBIRiEdZbRcEnx8,Unknown,0.208756,41.391724,2.159261,,,,,,
activity,2026-02-10T12:02:49.573+01:00,2026-02-10T12:37:10.611+01:00,,0.932873,,,0.635983,,,walking,41.391921,2.165066,41.383274,2.171651,1248.387573
visit,2026-02-10T12:37:10.611+01:00,2026-02-10T13:04:38.972+01:00,0,0.916397,ChIJgah3XvaipBIR2IU_2crEBdw,Unknown,0.092424,41.383092,2.170845,,,,,,
activity,2026-02-10T13:04:38.972+01:00,2026-02-10T16:44:13.999+01:00,,0.911282,,,0.791775,,,walking,41.380083,2.179572,41.392966,2.163963,1967.796143
visit,2026-02-10T16:44:13.999+01:00,2026-02-10T17:58:30.750+01:00,0,0.695644,ChIJeyGZhN2jpBIRWXblc-xJSjg,Unknown,0.123128,41.393440,2.163987,,,,,,
activity,2026-02-10T17:58:30.750+01:00,2026-02-10T18:04:03.000+01:00,,0.894324,,,0.778692,,,walking,41.392001,2.165074,41.390110,2.162030,329.614288
visit,2026-02-10T18:04:03.000+01:00,2026-02-10T19:44:16.420+01:00,0,0.914510,ChIJx6S28o2ipBIRe42ayBM3gfM,Unknown,0.183883,41.390417,2.160927,,,,,,
activity,2026-02-10T19:44:16.420+01:00,2026-02-10T21:30:40.291+01:00,,0.711796,,,0.666106,,,walking,41.390284,2.160704,41.388306,2.170636,1061.398682
visit,2026-02-10T21:30:40.291+01:00,2026-02-10T21:51:58.999+01:00,0,0.918140,ChIJx6S28o2ipBIRe42ayBM3gfM,Unknown,0.352275,41.390417,2.160927,,,,,,
activity,2026-02-10T21:51:58.999+01:00,2026-02-10T21:59:39.001+01:00,,0.992992,,,0.938473,,,walking,41.390641,2.160770,41.385800,2.160954,559.136108
visit,2026-02-10T21:59:39.001+01:00,2026-02-10T22:11:26.999+01:00,0,0.557811,ChIJNeM9nIuipBIR3GjqBziZ3XU,Unknown,0.100015,41.385091,2.162057,,,,,,
activity,2026-02-10T22:11:26.999+01:00,2026-02-10T22:18:28.999+01:00,,0.983192,,,0.893844,,,walking,41.385453,2.162592,41.389787,2.161917,662.697998
visit,2026-02-10T22:18:28.999+01:00,2026-02-11T09:11:52.252+01:00,0,0.913069,ChIJDS2imoKjpBIRfps_tcjaS2A,Unknown,0.187549,41.390241,2.160354,,,,,,
activity,2026-02-11T09:11:52.252+01:00,2026-02-11T09:15:42.297+01:00,,0.952871,,,0.903706,,,walking,41.390644,2.160787,41.391895,2.159958,155.385345
visit,2026-02-11T09:15:42.297+01:00,2026-02-11T09:37:26.002+01:00,0,0.681851,ChIJ747vupGipBIRvCxOcsBu7Vc,Unknown,0.212580,41.392620,2.158559,,,,,,
activity,2026-02-11T09:37:26.002+01:00,2026-02-11T10:05:05.000+01:00,,0.939024,,,0.764097,,,walking,41.392303,2.158456,41.402032,2.173354,1713.056641
visit,2026-02-11T10:05:05.000+01:00,2026-02-11T15:26:10.955+01:00,0,0.865658,ChIJk_s92NyipBIRUMnDG8Kq2Js,Unknown,0.801105,41.403630,2.174356,,,,,,
activity,2026-02-11T15:26:10.955+01:00,2026-02-11T15:38:49.808+01:00,,0.686468,,,0.533491,,,walking,41.404925,2.174282,41.403848,2.175597,162.375259
activity,2026-02-11T15:38:49.808+01:00,2026-02-11T16:46:18.893+01:00,,0.955316,,,0.440103,,,in subway,41.403848,2.175597,41.411951,2.150981,4507.730469
activity,2026-02-11T16:46:18.893+01:00,2026-02-11T16:57:51.000+01:00,,0.687042,,,0.569506,,,walking,41.411951,2.150981,41.410679,2.148122,341.712830
visit,2026-02-11T16:57:51.000+01:00,2026-02-11T17:19:43.232+01:00,0,0.624424,ChIJO_0pw6eipBIRkvCEFLUEMSE,Unknown,0.238566,41.410610,2.146439,,,,,,
activity,2026-02-11T17:19:43.232+01:00,2026-02-11T22:23:13.584+01:00,,0.681526,,,0.400772,,,walking,41.408086,2.149115,41.389204,2.160998,2321.774658
visit,2026-02-11T22:23:13.584+01:00,2026-02-11T23:28:45.715+01:00,0,0.778867,ChIJN0yDs42ipBIR5T7Lyi9E29k,Unknown,0.231322,41.388734,2.161390,,,,,,
activity,2026-02-11T23:28:45.715+01:00,2026-02-12T00:04:45.174+01:00,,0.862854,,,0.775733,,,walking,41.389193,2.161067,41.390358,2.160658,133.913116
visit,2026-02-12T00:04:45.174+01:00,2026-02-12T10:54:22.809+01:00,0,0.849767,ChIJx6S28o2ipBIRe42ayBM3gfM,Unknown,0.593021,41.390417,2.160927,,,,,,
activity,2026-02-12T10:54:22.809+01:00,2026-02-12T11:47:03.287+01:00,,0.992513,,,0.775236,,,in bus,41.390623,2.160883,41.415501,2.129680,4489.539551
visit,2026-02-12T11:47:03.287+01:00,2026-02-12T12:06:04.000+01:00,0,0.452279,ChIJI4fNXBmYpBIRrqWMwEPK3bw,Unknown,0.200822,41.415508,2.129658,,,,,,
visit,2026-02-12T12:06:04.000+01:00,2026-02-12T12:29:22.999+01:00,0,0.482032,ChIJM8ZRKwaYpBIRu3_GSHXEenY,Unknown,0.146064,41.411634,2.142668,,,,,,
activity,2026-02-12T12:29:22.999+01:00,2026-02-12T12:46:44.395+01:00,,0.736478,,,0.678485,,,walking,41.410133,2.147283,41.409429,2.147900,93.701241
visit,2026-02-12T12:46:44.395+01:00,2026-02-12T12:51:53.000+01:00,0,0.485639,ChIJw5fapYqipBIROLWMyAvO9EY,Unknown,0.157522,41.408794,2.147937,,,,,,
visit,2026-02-12T12:46:44.395+01:00,2026-02-12T12:51:53.000+01:00,1,0.485639,ChIJ6-lMN6KjpBIRUQLSxvW9jqE,Unknown,0.999989,41.408804,2.147945,,,,,,
activity,2026-02-12T12:51:53.000+01:00,2026-02-12T14:57:13.843+01:00,,0.851346,,,0.773190,,,walking,41.408726,2.148883,41.418848,2.161561,2637.009766
visit,2026-02-12T14:57:13.843+01:00,2026-02-13T03:30:52.676+01:00,0,0.414949,ChIJUcV95LSipBIRUBkO4FCGMRU,Unknown,0.318150,41.419300,2.161826,,,,,,
visit,2026-02-13T03:30:52.676+01:00,2026-02-13T12:08:10.746+01:00,0,0.686136,ChIJO8-idVyipBIRprMh0nqXWP4,Unknown,0.125010,41.374403,2.169574,,,,,,
visit,2026-02-13T12:08:10.746+01:00,2026-02-13T12:46:03.027+01:00,0,0.737813,ChIJx6S28o2ipBIRe42ayBM3gfM,Unknown,0.187392,41.390417,2.160927,,,,,,
activity,2026-02-13T12:46:03.027+01:00,2026-02-13T15:38:06.865+01:00,,0.593495,,,0.517516,,,walking,41.391063,2.161098,41.391315,2.165189,342.419617
visit,2026-02-13T15:38:06.865+01:00,2026-02-13T17:13:38.471+01:00,0,0.570321,ChIJYUFLSe2ipBIRD04uni940kA,Unknown,0.153363,41.391700,2.164918,,,,,,
activity,2026-02-13T17:13:38.471+01:00,2026-02-13T17:32:53.460+01:00,,0.958385,,,0.834760,,,walking,41.392455,2.161652,41.387575,2.168725,802.078857
visit,2026-02-13T17:32:53.460+01:00,2026-02-13T20:26:13.441+01:00,0,0.570281,ChIJGUgrYPGipBIRS9ZgHK_C7B4,Unknown,0.250084,41.387015,2.170047,,,,,,
visit,2026-02-13T17:34:11.000+01:00,2026-02-13T17:42:51.429+01:00,1,0.681809,ChIJjeg45POipBIRHLDX7exkFSs,Unknown,0.791299,41.386705,2.168771,,,,,,
activity,2026-02-13T20:26:13.441+01:00,2026-02-13T20:45:54.671+01:00,,0.894046,,,0.752171,,,walking,41.388997,2.166316,41.389966,2.164972,155.532257
activity,2026-02-13T20:45:54.671+01:00,2026-02-14T08:19:03.716+01:00,,0.926559,,,0.455266,,,in passenger vehicle,41.390211,2.161550,49.005189,2.576599,847368.875000
visit,2026-02-14T08:19:03.716+01:00,2026-02-14T08:40:18.659+01:00,0,0.930730,ChIJW89MjgM-5kcRLKZbL5jgKwQ,Unknown,0.399377,49.007883,2.550785,,,,,,
visit,2026-02-14T08:19:03.716+01:00,2026-02-14T08:40:18.659+01:00,1,0.930730,ChIJl4iXRxkW5kcRbAN7vFH9GIE,Unknown,0.615782,49.005810,2.575729,,,,,,
activity,2026-02-14T08:40:18.659+01:00,2026-02-14T10:26:41.000+01:00,,0.991045,,,0.815270,,,in subway,49.005158,2.576728,48.877805,2.370904,20652.195312
activity,2026-02-14T10:26:41.000+01:00,2026-02-14T14:23:30.219+01:00,,0.935665,,,0.512332,,,walking,48.877805,2.370904,48.862393,2.293734,6216.927246
visit,2026-02-14T14:23:30.219+01:00,2026-02-14T15:04:58.999+01:00,0,0.727876,ChIJoxY3R-Nv5kcRWsRDGBoNIOk,Unknown,0.684762,48.861688,2.289280,,,,,,
activity,2026-02-14T15:04:58.999+01:00,2026-02-14T16:21:01.999+01:00,,0.897215,,,0.850863,,,walking,48.861916,2.290244,48.853045,2.313363,2124.217773
visit,2026-02-14T16:21:01.999+01:00,2026-02-14T20:46:51.998+01:00,0,0.697311,ChIJUzCPuddv5kcRasGAnEUUWkU,Unknown,0.314127,48.856529,2.312706,,,,,,
activity,2026-02-14T20:46:51.998+01:00,2026-02-14T20:55:52.000+01:00,,0.968605,,,0.870903,,,walking,48.869636,2.284730,48.863508,2.286800,707.869751
visit,2026-02-14T20:55:52.000+01:00,2026-02-14T23:18:43.999+01:00,0,0.735527,ChIJoxY3R-Nv5kcRWsRDGBoNIOk,Unknown,0.281086,48.861688,2.289280,,,,,,
activity,2026-02-14T23:18:43.999+01:00,2026-02-14T23:28:31.999+01:00,,0.957220,,,0.848478,,,walking,48.863946,2.286706,48.870111,2.285439,735.216919
activity,2026-02-14T23:28:31.999+01:00,2026-02-14T23:59:30.893+01:00,,0.962914,,,0.663778,,,in subway,48.870111,2.285439,48.879436,2.370230,6791.277832
visit,2026-02-14T23:59:30.893+01:00,2026-02-15T10:02:39.639+01:00,0,0.926351,ChIJFSBjnt9t5kcRb33P22PJ-RE,Unknown,0.800539,48.878248,2.369603,,,,,,
activity,2026-02-15T10:02:39.639+01:00,2026-02-15T11:45:57.451+01:00,,0.917069,,,0.288613,,,in passenger vehicle,48.878380,2.369758,48.889508,2.335650,2784.042480
visit,2026-02-15T11:45:57.451+01:00,2026-02-15T12:22:33.000+01:00,0,0.321348,ChIJfQSZYVBu5kcRgpsxuzAxDIY,Unknown,0.187901,48.888987,2.334805,,,,,,
activity,2026-02-15T12:22:33.000+01:00,2026-02-15T12:24:02.999+01:00,,0.887248,,,0.689621,,,walking,48.887580,2.337418,48.887281,2.338626,95.948929
visit,2026-02-15T12:24:02.999+01:00,2026-02-15T13:15:48.277+01:00,0,0.799028,ChIJF9eP_k9u5kcRYujwQAgfqvQ,Unknown,0.171123,48.886573,2.340828,,,,,,
activity,2026-02-15T13:15:48.277+01:00,2026-02-15T13:38:05.999+01:00,,0.772618,,,0.728485,,,walking,48.886717,2.338888,48.886962,2.333989,448.881470
visit,2026-02-15T13:38:05.999+01:00,2026-02-15T16:02:19.419+01:00,0,0.533792,ChIJ5UqL9lFu5kcRC1SGlbxD6NU,Unknown,0.033950,48.887908,2.329884,,,,,,
activity,2026-02-15T16:02:19.419+01:00,2026-02-15T16:12:57.253+01:00,,0.984035,,,0.301025,,,in bus,48.876940,2.326933,48.865607,2.334482,1401.081787
activity,2026-02-15T16:12:57.253+01:00,2026-02-15T16:30:25.000+01:00,,0.950117,,,0.667579,,,walking,48.865607,2.334482,48.861016,2.340855,762.704834
visit,2026-02-15T16:30:25.000+01:00,2026-02-15T16:51:51.544+01:00,0,0.630880,ChIJD3uTd9hx5kcR1IQvGfr8dbk,Unknown,0.276224,48.860611,2.337644,,,,,,
activity,2026-02-15T16:51:51.544+01:00,2026-02-15T17:31:26.998+01:00,,0.866694,,,0.811200,,,walking,48.860504,2.342718,48.858238,2.349114,531.410889
visit,2026-02-15T17:31:26.998+01:00,2026-02-15T17:45:06.999+01:00,0,0.557164,ChIJYzNMFh1u5kcRSCRf3S2PtPk,Unknown,0.158720,48.857349,2.352396,,,,,,
activity,2026-02-15T17:45:06.999+01:00,2026-02-15T17:54:56.000+01:00,,0.959888,,,0.856662,,,walking,48.857481,2.350334,48.855212,2.346922,553.974487
visit,2026-02-15T17:54:56.000+01:00,2026-02-15T19:11:01.000+01:00,0,0.681185,ChIJATr1n-Fx5kcRjQb6q6cdQDY,Unknown,0.226545,48.852968,2.349902,,,,,,
activity,2026-02-15T19:11:01.000+01:00,2026-02-15T19:41:47.999+01:00,,0.985331,,,0.572681,,,in subway,48.854924,2.347317,48.885169,2.333975,3501.879639
visit,2026-02-15T19:41:47.999+01:00,2026-02-16T07:49:40.623+01:00,0,0.750544,ChIJobK6DOVv5kcROfiYgh-1Bmg,Unknown,0.118548,48.885044,2.334098,,,,,,
visit,2026-02-16T07:49:40.623+01:00,2026-02-16T07:52:48.636+01:00,0,0.768790,ChIJOUrGg1Bu5kcRIFKIej7vjNI,Unknown,0.624469,48.889851,2.335896,,,,,,
activity,2026-02-16T07:52:48.636+01:00,2026-02-16T09:23:59.019+01:00,,0.984577,,,0.928633,,,walking,48.883338,2.327813,48.874497,2.329005,1143.349609
visit,2026-02-16T09:23:59.019+01:00,2026-02-16T11:12:05.729+01:00,0,0.757591,ChIJixChAzdu5kcRkxWrzUU4d-Y,Unknown,0.385005,48.873622,2.332110,,,,,,
activity,2026-02-16T11:12:05.729+01:00,2026-02-16T12:40:55.054+01:00,,0.746531,,,0.633833,,,walking,48.866562,2.314094,48.861286,2.320553,753.226379
visit,2026-02-16T12:40:55.054+01:00,2026-02-16T12:42:02.398+01:00,0,0.624283,ChIJYzGYa9Rv5kcR2D0wMZryQsg,Unknown,0.255781,48.861903,2.318648,,,,,,
activity,2026-02-16T12:42:02.398+01:00,2026-02-16T13:21:51.000+01:00,,0.960635,,,0.897384,,,walking,48.854449,2.326192,48.845086,2.320718,1278.559082
visit,2026-02-16T13:21:51.000+01:00,2026-02-16T13:22:54.000+01:00,0,0.706637,ChIJp9FvyzJw5kcR-FKugUlS4vE,Unknown,0.061208,48.845108,2.320921,,,,,,
visit,2026-02-16T13:22:54.000+01:00,2026-02-16T14:12:56.720+01:00,0,0.941826,ChIJPzwEG-Fx5kcR4JYZ_x04n6w,Unknown,0.240584,48.844336,2.321925,,,,,,
activity,2026-02-16T14:12:56.720+01:00,2026-02-16T15:44:01.999+01:00,,0.946346,,,0.681419,,,walking,48.844403,2.322048,48.846470,2.345024,1766.104492
visit,2026-02-16T15:44:01.999+01:00,2026-02-16T15:55:28.998+01:00,0,0.691429,ChIJc8mX0udx5kcRWKcjTwDr5QA,Unknown,0.680357,48.846222,2.346414,,,,,,
activity,2026-02-16T15:55:28.998+01:00,2026-02-16T16:04:17.000+01:00,,0.970889,,,0.923966,,,walking,48.846850,2.343739,48.851342,2.345763,538.157776
visit,2026-02-16T16:04:17.000+01:00,2026-02-16T16:26:38.999+01:00,0,0.593038,ChIJ_7ZXHuFx5kcRs1LnTeCsOBM,Unknown,0.253838,48.852563,2.347130,,,,,,
activity,2026-02-16T16:26:38.999+01:00,2026-02-16T16:42:24.125+01:00,,0.768797,,,0.668842,,,walking,48.852909,2.346916,48.858632,2.347581,652.199951
activity,2026-02-16T16:42:24.125+01:00,2026-02-16T17:02:20.998+01:00,,0.993917,,,0.345456,,,in bus,48.858632,2.347581,48.878633,2.337340,2369.739502
activity,2026-02-16T17:02:20.998+01:00,2026-02-16T18:09:23.516+01:00,,0.758499,,,0.284166,,,in tram,48.878633,2.337340,48.889876,2.335758,1255.480591
visit,2026-02-16T18:09:23.516+01:00,2026-02-16T19:45:13.774+01:00,0,0.734518,ChIJLclSnFBu5kcREXCh0LM0xBI,Searched Address,0.575165,48.889956,2.335840,,,,,,
activity,2026-02-16T19:45:13.774+01:00,2026-02-16T23:10:40.793+01:00,,0.715141,,,0.388141,,,walking,48.889239,2.335813,48.860545,2.293471,4446.305176
visit,2026-02-16T23:10:40.793+01:00,2026-02-16T23:22:15.087+01:00,0,0.609741,ChIJB0gcnCBw5kcRHoIAPcTEApc,Unknown,0.587832,48.855805,2.298377,,,,,,
visit,2026-02-16T23:13:05.090+01:00,2026-02-16T23:22:15.087+01:00,1,0.609741,ChIJLU7jZClu5kcR4PcOOO6p3I0,Unknown,0.993466,48.858370,2.294481,,,,,,
activity,2026-02-16T23:22:15.087+01:00,2026-02-16T23:33:40.999+01:00,,0.822641,,,0.731745,,,walking,48.859944,2.295050,48.862379,2.301977,660.196411
activity,2026-02-16T23:33:40.999+01:00,2026-02-16T23:52:07.091+01:00,,0.995646,,,0.444499,,,in passenger vehicle,48.862379,2.301977,48.888854,2.334467,4283.535156
visit,2026-02-16T23:52:07.091+01:00,2026-02-16T23:56:08.082+01:00,0,0.551631,ChIJrZYGU1Bu5kcRVtlLyarPxOY,Unknown,0.069188,48.888909,2.333153,,,,,,
visit,2026-02-16T23:56:08.082+01:00,2026-02-17T10:15:13.999+01:00,0,0.927838,ChIJLclSnFBu5kcREXCh0LM0xBI,Searched Address,0.523199,48.889956,2.335840,,,,,,
activity,2026-02-17T10:15:13.999+01:00,2026-02-17T11:01:12.999+01:00,,0.907914,,,0.828796,,,walking,48.879418,2.381961,48.879452,2.382613,47.824692
visit,2026-02-17T11:01:12.999+01:00,2026-02-17T11:06:40.999+01:00,0,0.483713,ChIJh9M-FMZt5kcRkZSVdmDta_I,Unknown,0.718476,48.880950,2.382761,,,,,,
activity,2026-02-17T11:06:40.999+01:00,2026-02-17T12:01:40.998+01:00,,0.990520,,,0.939415,,,walking,48.858398,2.371117,48.847713,2.368317,1193.049927
visit,2026-02-17T12:01:40.998+01:00,2026-02-17T12:15:16.999+01:00,0,0.588166,ChIJbb372_tt5kcRYDyyWRuBXjU,Unknown,0.116154,48.847389,2.368797,,,,,,
activity,2026-02-17T12:15:16.999+01:00,2026-02-17T13:04:37.999+01:00,,0.931133,,,0.882187,,,walking,48.859689,2.344884,48.866985,2.337399,1160.226807
visit,2026-02-17T13:04:37.999+01:00,2026-02-17T13:17:00.357+01:00,0,0.860054,ChIJdcUFkwBy5kcR9l9MxIwxiFc,Unknown,0.099162,48.867632,2.337603,,,,,,
visit,2026-02-17T13:17:00.357+01:00,2026-02-17T14:22:36.781+01:00,0,0.582971,ChIJ0fcbsD5u5kcRgX-K4wGpxSY,Unknown,0.176484,48.872104,2.340458,,,,,,
activity,2026-02-17T14:22:36.781+01:00,2026-02-17T15:01:13.999+01:00,,0.790691,,,0.757060,,,walking,48.874327,2.335238,48.874938,2.335220,329.349396
visit,2026-02-17T15:01:13.999+01:00,2026-02-17T15:27:01.000+01:00,0,0.561453,ChIJAQAAMCxu5kcRx--_4QnbGcI,Unknown,0.325624,48.863492,2.327494,,,,,,
visit,2026-02-17T15:27:01.000+01:00,2026-02-17T15:44:00.307+01:00,0,0.745896,ChIJ6SJcCP5x5kcRJt8m9_lR7_Q,Unknown,0.306321,48.862707,2.334780,,,,,,
visit,2026-02-17T15:32:14.998+01:00,2026-02-17T15:44:00.307+01:00,1,0.745896,ChIJ_QwlZC9u5kcRi6OALXVubvc,Unknown,0.966408,48.863115,2.333495,,,,,,
visit,2026-02-17T15:44:00.307+01:00,2026-02-17T15:54:38.999+01:00,0,0.803684,ChIJAQAAMCxu5kcRx--_4QnbGcI,Unknown,0.225227,48.863492,2.327494,,,,,,
activity,2026-02-17T15:54:38.999+01:00,2026-02-17T16:28:52.999+01:00,,0.987998,,,0.951110,,,walking,48.862918,2.311886,48.858479,2.298388,1225.301270
visit,2026-02-17T16:28:52.999+01:00,2026-02-17T18:07:15.999+01:00,0,0.600917,ChIJB0gcnCBw5kcRHoIAPcTEApc,Unknown,0.868669,48.855805,2.298377,,,,,,
visit,2026-02-17T16:39:29.000+01:00,2026-02-17T17:28:35.999+01:00,1,0.600917,ChIJLU7jZClu5kcR4PcOOO6p3I0,Unknown,0.829797,48.858370,2.294481,,,,,,
visit,2026-02-17T17:56:05.999+01:00,2026-02-17T18:07:15.999+01:00,1,0.493307,ChIJLU7jZClu5kcR4PcOOO6p3I0,Unknown,0.884291,48.858370,2.294481,,,,,,
activity,2026-02-17T18:07:15.999+01:00,2026-02-17T18:23:46.000+01:00,,0.785535,,,0.708938,,,walking,48.858956,2.293615,48.862322,2.302053,890.529114
activity,2026-02-17T18:23:46.000+01:00,2026-02-17T18:54:20.000+01:00,,0.987585,,,0.558655,,,in bus,48.862322,2.302053,48.889044,2.334644,4446.124023
visit,2026-02-17T18:54:20.000+01:00,2026-02-17T22:00:44.292+01:00,0,0.748715,ChIJLclSnFBu5kcREXCh0LM0xBI,Searched Address,0.447022,48.889956,2.335840,,,,,,
activity,2026-02-17T22:00:44.292+01:00,2026-02-18T05:41:52.000+01:00,,0.988319,,,0.379981,,,in bus,48.879458,2.282501,50.860948,4.356854,267246.937500
visit,2026-02-18T05:41:52.000+01:00,2026-02-18T07:11:04.876+01:00,0,0.327767,ChIJobMnkp3Dw0cRvvcnolKRTZg,Unknown,0.371838,50.861950,4.358560,,,,,,
visit,2026-02-18T07:11:04.876+01:00,2026-02-18T13:17:28.978+01:00,0,0.623423,ChIJQQ_1yIvDw0cRvqXflOhSXQM,Unknown,0.394130,50.851226,4.338360,,,,,,
activity,2026-02-18T13:17:28.978+01:00,2026-02-18T13:50:21.999+01:00,,0.949950,,,0.487642,,,in passenger vehicle,50.838660,4.340698,50.833466,4.333569,5712.355469
visit,2026-02-18T13:50:21.999+01:00,2026-02-18T14:14:44.839+01:00,0,0.598356,ChIJucWFf-jEw0cRqJFfGhYGsqM,Unknown,0.580743,50.836440,4.337009,,,,,,
activity,2026-02-18T14:14:44.839+01:00,2026-02-18T14:38:50.739+01:00,,0.952065,,,0.487162,,,in train,50.833466,4.333569,51.035057,3.709140,51024.468750
visit,2026-02-18T14:38:50.739+01:00,2026-02-18T14:41:31.840+01:00,0,0.514321,ChIJHzU3k99zw0cR7Uoju6Gh7Uw,Unknown,0.814100,51.036113,3.710839,,,,,,
activity,2026-02-18T14:41:31.840+01:00,2026-02-18T15:39:52.999+01:00,,0.955526,,,0.916598,,,walking,51.049797,3.721200,51.052156,3.725237,536.019775
visit,2026-02-18T15:39:52.999+01:00,2026-02-18T16:46:05.001+01:00,0,0.545815,ChIJcbDulEBxw0cRvttqH71W_y0,Unknown,0.228061,51.057177,3.720722,,,,,,
activity,2026-02-18T16:46:05.001+01:00,2026-02-18T18:18:03.999+01:00,,0.765131,,,0.607823,,,walking,51.056972,3.721386,51.034778,3.711253,2567.574463
visit,2026-02-18T18:18:03.999+01:00,2026-02-18T18:32:57.980+01:00,0,0.543345,ChIJHzU3k99zw0cR7Uoju6Gh7Uw,Unknown,0.624111,51.036113,3.710839,,,,,,
activity,2026-02-18T18:32:57.980+01:00,2026-02-18T19:12:12.000+01:00,,0.980582,,,0.866079,,,in train,51.031435,3.726804,50.845826,4.357335,51028.941406
visit,2026-02-18T19:12:12.000+01:00,2026-02-18T19:24:22.528+01:00,0,0.974479,ChIJtRMdzH_Ew0cR-pwkSnChsUA,Unknown,0.877945,50.845504,4.357096,,,,,,
activity,2026-02-18T19:24:22.528+01:00,2026-02-18T19:48:41.091+01:00,,0.732972,,,0.422955,,,in bus,50.845678,4.356082,50.850747,4.352887,606.682312
activity,2026-02-18T19:48:41.091+01:00,2026-02-18T22:19:24.304+01:00,,0.565895,,,0.514702,,,walking,50.851838,4.339456,50.851223,4.338233,113.715721
visit,2026-02-18T22:19:24.304+01:00,2026-02-19T09:49:37.428+01:00,0,0.340520,ChIJQQ_1yIvDw0cRvqXflOhSXQM,Unknown,0.628478,50.851226,4.338360,,,,,,
visit,2026-02-19T09:49:37.428+01:00,2026-02-19T09:54:10.759+01:00,0,0.786022,ChIJtRMdzH_Ew0cR-pwkSnChsUA,Unknown,0.734034,50.845504,4.357096,,,,,,
activity,2026-02-19T09:54:10.759+01:00,2026-02-19T11:07:05.707+01:00,,0.998238,,,0.967060,,,in train,50.845139,4.356727,51.196630,3.215882,88853.484375
activity,2026-02-19T11:07:05.707+01:00,2026-02-19T12:32:07.999+01:00,,0.841367,,,0.811503,,,walking,51.198820,3.222079,51.207754,3.225632,1604.225342
visit,2026-02-19T12:32:07.999+01:00,2026-02-19T13:45:19.344+01:00,0,0.801584,ChIJiw5pqdpQw0cRWIG9Y_lvVGk,Unknown,0.261519,51.208147,3.224801,,,,,,
activity,2026-02-19T13:45:19.344+01:00,2026-02-19T15:54:59.999+01:00,,0.923424,,,0.808077,,,walking,51.208624,3.224108,51.197560,3.220360,3092.950439
visit,2026-02-19T15:54:59.999+01:00,2026-02-19T16:37:19.918+01:00,0,0.920130,ChIJIQ4SU-dQw0cRd2gEgzvyfeE,Unknown,0.400164,51.197666,3.217851,,,,,,
activity,2026-02-19T16:37:19.918+01:00,2026-02-19T18:16:59.999+01:00,,0.995540,,,0.983236,,,in train,51.197155,3.217637,50.835426,4.334660,87882.304688
activity,2026-02-19T18:16:59.999+01:00,2026-02-19T18:39:06.999+01:00,,0.957608,,,0.589842,,,walking,50.846748,4.354958,50.854399,4.341222,1728.734741
visit,2026-02-19T18:39:06.999+01:00,2026-02-20T06:17:10.723+01:00,0,0.886669,ChIJX2ahIB7Dw0cRl6KyN39gv54,Unknown,0.282332,50.850416,4.343963,,,,,,
activity,2026-02-20T06:17:10.723+01:00,2026-02-20T09:26:49.086+01:00,,0.988519,,,0.842101,,,in passenger vehicle,52.079175,5.075640,52.309611,4.938667,29190.585938
visit,2026-02-20T09:26:49.086+01:00,2026-02-20T11:25:25.071+01:00,0,0.571670,ChIJ223pKpgLxkcRrhp8i1Clwfs,Unknown,0.006920,52.310402,4.941152,,,,,,
visit,2026-02-20T11:25:25.071+01:00,2026-02-20T14:46:17.543+01:00,0,0.830177,ChIJlZeZw-UJxkcRR9AM02FG4Zg,Unknown,0.354385,52.360999,4.877940,,,,,,
activity,2026-02-20T14:46:17.543+01:00,2026-02-20T17:39:23.001+01:00,,0.831041,,,0.734487,,,walking,52.374602,4.883422,52.362386,4.880531,1376.775146
visit,2026-02-20T17:39:23.001+01:00,2026-02-20T17:43:37.987+01:00,0,0.487237,ChIJ5Ra7we4JxkcRhYVAaq5zQ9U,Unknown,0.179095,52.359998,4.885219,,,,,,
visit,2026-02-20T17:43:37.987+01:00,2026-02-20T19:11:01.501+01:00,0,0.828313,ChIJRTx_o-8JxkcRKLAaBcWCq5w,Unknown,0.304030,52.358739,4.881907,,,,,,
activity,2026-02-20T19:11:01.501+01:00,2026-02-20T19:36:40.999+01:00,,0.992811,,,0.901572,,,walking,52.354732,4.886510,52.361587,4.880332,1053.072876
visit,2026-02-20T19:36:40.999+01:00,2026-02-21T07:17:22.659+01:00,0,0.965832,ChIJlZeZw-UJxkcRR9AM02FG4Zg,Unknown,0.606456,52.360999,4.877940,,,,,,
activity,2026-02-21T07:17:22.659+01:00,2026-02-21T09:04:13.999+01:00,,0.799782,,,0.723161,,,walking,52.360916,4.878010,52.361938,4.881057,236.092010
visit,2026-02-21T09:04:13.999+01:00,2026-02-21T09:18:27.999+01:00,0,0.494649,ChIJDenS_MEJxkcR8BWR2vzICLs,Unknown,0.247517,52.367207,4.889160,,,,,,
activity,2026-02-21T09:18:27.999+01:00,2026-02-21T09:33:12.999+01:00,,0.968319,,,0.917381,,,walking,52.367725,4.890705,52.375912,4.896461,963.564453
visit,2026-02-21T09:33:12.999+01:00,2026-02-21T09:43:40.999+01:00,0,0.750494,ChIJXfk3G7gJxkcRUf-0UF1R6F4,Unknown,0.187744,52.376870,4.897146,,,,,,
activity,2026-02-21T09:43:40.999+01:00,2026-02-21T09:46:30.999+01:00,,0.855224,,,0.797385,,,walking,52.377104,4.898049,52.378777,4.900194,237.351746
visit,2026-02-21T09:46:30.999+01:00,2026-02-21T10:14:06.572+01:00,0,0.859065,ChIJIxbYDbcJxkcRQtHfOo0b58o,Unknown,0.548336,52.379128,4.900272,,,,,,
activity,2026-02-21T10:14:06.572+01:00,2026-02-21T10:35:09.100+01:00,,0.992710,,,0.881962,,,in passenger vehicle,52.411330,4.883470,52.451656,4.825723,7024.758789
visit,2026-02-21T10:35:09.100+01:00,2026-02-21T10:41:14.093+01:00,0,0.887934,ChIJN1QNS978xUcRpkqq7Q5zMo4,Unknown,0.447564,52.453085,4.825496,,,,,,
activity,2026-02-21T10:41:14.093+01:00,2026-02-21T11:02:50.999+01:00,,0.964356,,,0.365006,,,in passenger vehicle,52.452802,4.824068,52.473034,4.822100,2859.683105
visit,2026-02-21T11:02:50.999+01:00,2026-02-21T11:38:37.000+01:00,0,0.556213,ChIJnWDAY_f8xUcRm5DPCPkgYeQ,Unknown,0.244366,52.472963,4.819822,,,,,,
visit,2026-02-21T11:18:24.232+01:00,2026-02-21T11:27:49.127+01:00,1,0.556213,ChIJnWDAY_f8xUcRKW6SN30O5jE,Unknown,0.984898,52.472958,4.819841,,,,,,
activity,2026-02-21T11:38:37.000+01:00,2026-02-21T12:03:31.366+01:00,,0.829616,,,0.398685,,,walking,52.473522,4.817347,52.473116,4.819773,793.113770
activity,2026-02-21T12:03:31.366+01:00,2026-02-21T13:43:13.556+01:00,,0.836939,,,0.321757,,,in bus,52.473116,4.819773,52.488662,5.035329,14699.623047
visit,2026-02-21T13:43:13.556+01:00,2026-02-21T13:48:40.998+01:00,0,0.710406,ChIJqSDuvUIExkcRKMKOZvs7AcM,Unknown,0.251782,52.487629,5.033854,,,,,,
activity,2026-02-21T13:48:40.998+01:00,2026-02-21T14:15:54.999+01:00,,0.990089,,,0.616539,,,in bus,52.488070,5.034583,52.376667,4.900172,16256.471680
visit,2026-02-21T14:15:54.999+01:00,2026-02-21T15:06:37.998+01:00,0,0.744897,ChIJp3h4ELgJxkcRPBCvc1dScMk,Unknown,0.158609,52.376614,4.897228,,,,,,
activity,2026-02-21T15:06:37.998+01:00,2026-02-21T15:12:27.999+01:00,,0.986691,,,0.946868,,,walking,52.376101,4.896849,52.373124,4.893035,420.864441
visit,2026-02-21T15:12:27.999+01:00,2026-02-21T16:25:51.750+01:00,0,0.607130,ChIJ19XKKccJxkcRawZK9nzTJz8,Unknown,0.176473,52.372591,4.892578,,,,,,
visit,2026-02-21T16:25:51.750+01:00,2026-02-21T17:10:51.000+01:00,0,0.501178,ChIJfYd2dscJxkcRH_Q4a1amSDo,Unknown,0.216740,52.374588,4.894705,,,,,,
activity,2026-02-21T17:10:51.000+01:00,2026-02-21T17:39:36.000+01:00,,0.983458,,,0.920508,,,walking,52.371460,4.892611,52.361437,4.879722,1816.904785
visit,2026-02-21T17:39:36.000+01:00,2026-02-21T20:14:07.017+01:00,0,0.944826,ChIJlZeZw-UJxkcRR9AM02FG4Zg,Unknown,0.689661,52.360999,4.877940,,,,,,
activity,2026-02-21T20:14:07.017+01:00,2026-02-21T20:25:04.000+01:00,,0.981143,,,0.846842,,,walking,52.360959,4.877995,52.365870,4.886398,792.913391
visit,2026-02-21T20:25:04.000+01:00,2026-02-21T20:36:13.999+01:00,0,0.666807,ChIJw8OY7ukJxkcR99MTHWPIDXM,Unknown,0.396175,52.365944,4.886503,,,,,,
activity,2026-02-21T20:36:13.999+01:00,2026-02-21T23:11:14.000+01:00,,0.934535,,,0.879178,,,walking,52.366612,4.887730,52.363707,4.884067,936.704041
visit,2026-02-21T23:11:14.000+01:00,2026-02-22T11:18:46.143+01:00,0,0.847310,ChIJweXO1ugJxkcR2nckxDGWbIc,Unknown,0.257745,52.362059,4.882991,,,,,,
visit,2026-02-22T11:18:46.143+01:00,2026-02-22T11:37:08.999+01:00,0,0.712109,ChIJlZeZw-UJxkcRR9AM02FG4Zg,Unknown,0.553919,52.360999,4.877940,,,,,,
activity,2026-02-22T11:37:08.999+01:00,2026-02-22T11:54:08.000+01:00,,0.986883,,,0.939576,,,walking,52.361163,4.878710,52.363901,4.882291,672.393555
visit,2026-02-22T11:54:08.000+01:00,2026-02-22T12:23:50.999+01:00,0,0.501439,ChIJXfOLd8EJxkcRyT_TnoYNudU,Unknown,0.090147,52.365817,4.885837,,,,,,
activity,2026-02-22T12:23:50.999+01:00,2026-02-22T12:55:23.999+01:00,,0.971653,,,0.902548,,,walking,52.365778,4.885865,52.378612,4.900187,1781.693604
visit,2026-02-22T12:55:23.999+01:00,2026-02-22T13:47:44.885+01:00,0,0.458693,ChIJIxbYDbcJxkcRQtHfOo0b58o,Unknown,0.591752,52.379128,4.900272,,,,,,
visit,2026-02-22T13:47:44.885+01:00,2026-02-22T17:54:05.532+01:00,0,0.543557,ChIJlZeZw-UJxkcRR9AM02FG4Zg,Unknown,0.409062,52.360999,4.877940,,,,,,
activity,2026-02-22T17:54:05.532+01:00,2026-02-22T18:27:23.171+01:00,,0.974199,,,0.914060,,,walking,52.360425,4.875761,52.359169,4.883491,2386.357178
visit,2026-02-22T18:27:23.171+01:00,2026-02-22T18:49:59.000+01:00,0,0.864359,ChIJ5Ra7we4JxkcRhYVAaq5zQ9U,Unknown,0.150377,52.359998,4.885219,,,,,,
activity,2026-02-22T18:49:59.000+01:00,2026-02-22T18:52:09.000+01:00,,0.907443,,,0.851253,,,walking,52.358237,4.878837,52.359824,4.877488,198.920700
visit,2026-02-22T18:52:09.000+01:00,2026-02-22T21:03:36.150+01:00,0,0.669305,ChIJlZeZw-UJxkcRR9AM02FG4Zg,Unknown,0.440817,52.360999,4.877940,,,,,,
activity,2026-02-22T21:03:36.150+01:00,2026-02-23T10:32:51.648Z,,0.982220,,,0.489484,,,in train,52.361015,4.878151,51.530054,-0.123963,355004.031250
visit,2026-02-23T10:32:51.648Z,2026-02-23T10:38:18.379Z,0,0.696089,ChIJJe2YjTsbdkgREt0yqM9vLbk,Unknown,0.265798,51.531116,-0.125866,,,,,,
activity,2026-02-23T10:38:18.379Z,2026-02-23T10:59:26.000Z,,0.978719,,,0.461537,,,in subway,51.530487,-0.123983,51.510245,-0.134706,2369.965332
visit,2026-02-23T10:59:26.000Z,2026-02-23T12:09:40.998Z,0,0.803165,ChIJvVRe4NMEdkgRw3WgQO_J9KM,Unknown,0.611491,51.510121,-0.134168,,,,,,
activity,2026-02-23T12:09:40.998Z,2026-02-23T12:30:54.000Z,,0.981166,,,0.908069,,,walking,51.507900,-0.128748,51.503553,-0.119284,976.023254
visit,2026-02-23T12:30:54.000Z,2026-02-23T12:56:16.999Z,0,0.514270,ChIJc2nSALkEdkgRkuoJJBfzkUI,Unknown,0.376511,51.503186,-0.119519,,,,,,
activity,2026-02-23T12:56:16.999Z,2026-02-23T15:28:46.730Z,,0.650409,,,0.357540,,,walking,51.501228,-0.123847,51.511173,-0.083526,3001.781738
visit,2026-02-23T15:28:46.730Z,2026-02-23T18:31:03.180Z,0,0.334871,ChIJwRnZalIDdkgR8oP6fWB1T6w,Unknown,0.506438,51.511211,-0.083683,,,,,,
visit,2026-02-23T15:28:46.730Z,2026-02-23T16:30:30.342Z,1,0.844438,ChIJgaI8bFIDdkgRhJJqLMxsFdU,Unknown,0.812522,51.511242,-0.083549,,,,,,
activity,2026-02-23T18:31:03.180Z,2026-02-23T20:36:23.086Z,,0.610936,,,0.566801,,,walking,51.505656,-0.126562,51.510348,-0.134171,741.309082
visit,2026-02-23T20:36:23.086Z,2026-02-24T08:33:32.011Z,0,0.887580,ChIJvVRe4NMEdkgRw3WgQO_J9KM,Unknown,0.475530,51.510121,-0.134168,,,,,,
visit,2026-02-24T08:33:32.011Z,2026-02-24T09:09:42.998Z,0,0.513022,ChIJpVeKbdQEdkgR__KpXSd4neU,Unknown,0.394894,51.510551,-0.136118,,,,,,
activity,2026-02-24T09:09:42.998Z,2026-02-24T10:55:20.684Z,,0.969849,,,0.867260,,,walking,51.509877,-0.141711,51.515726,-0.204814,4743.121094
visit,2026-02-24T10:55:20.684Z,2026-02-24T11:45:06.999Z,0,0.839003,ChIJG1YB2m4RdkgRsetv9D40NGY,Unknown,0.849007,51.517000,-0.205847,,,,,,
activity,2026-02-24T11:45:06.999Z,2026-02-24T12:39:13.998Z,,0.928326,,,0.904624,,,walking,51.508564,-0.203424,51.509472,-0.193395,742.862183
visit,2026-02-24T12:39:13.998Z,2026-02-24T13:11:54.000Z,0,0.657737,ChIJPaOn4FAFdkgRfLe2KIKp7mI,Unknown,0.428741,51.506987,-0.179165,,,,,,
activity,2026-02-24T13:11:54.000Z,2026-02-24T15:06:48.000Z,,0.945823,,,0.892626,,,walking,51.510262,-0.183266,51.494190,-0.171712,2993.824219
visit,2026-02-24T15:06:48.000Z,2026-02-24T16:35:01.678Z,0,0.868197,ChIJ91cwg0IFdkgR18p5WmlWiTY,Unknown,0.479413,51.494156,-0.173958,,,,,,
visit,2026-02-24T16:35:01.678Z,2026-02-24T16:57:15.998Z,0,0.583316,ChIJk3JHCD8FdkgRaBtkaYt3PJA,Unknown,0.288338,51.496395,-0.163040,,,,,,
activity,2026-02-24T16:57:15.998Z,2026-02-24T17:22:26.998Z,,0.993021,,,0.910505,,,walking,51.497569,-0.154771,51.497467,-0.136625,1453.369019
visit,2026-02-24T17:22:26.998Z,2026-02-24T18:00:07.004Z,0,0.730625,ChIJm73q7d4EdkgRFNtwvH-wdJs,Unknown,0.161905,51.497488,-0.136826,,,,,,
visit,2026-02-24T18:00:07.004Z,2026-02-24T18:01:10.000Z,0,0.752826,ChIJmZuNDMQEdkgRfB9O9456eQc,Unknown,0.511704,51.499479,-0.124809,,,,,,
activity,2026-02-24T18:01:10.000Z,2026-02-24T18:31:34.999Z,,0.990683,,,0.910979,,,in subway,51.500821,-0.123940,51.503683,-0.019310,7249.177734
activity,2026-02-24T18:31:34.999Z,2026-02-24T18:51:53.998Z,,0.809195,,,0.588385,,,walking,51.503683,-0.019310,51.504668,-0.016896,1192.968628
visit,2026-02-24T18:51:53.998Z,2026-02-24T19:48:43.001Z,0,0.599177,ChIJF2QmobACdkgRj7cJMpsZFog,Unknown,0.410306,51.505046,-0.019799,,,,,,
activity,2026-02-24T19:48:43.001Z,2026-02-24T20:17:00.665Z,,0.999147,,,0.936661,,,in subway,51.503868,-0.019683,51.510010,-0.134526,7977.553711
visit,2026-02-24T20:17:00.665Z,2026-02-25T08:05:55.197Z,0,0.765586,ChIJvVRe4NMEdkgRw3WgQO_J9KM,Unknown,0.534752,51.510121,-0.134168,,,,,,
activity,2026-02-25T08:05:55.197Z,2026-02-25T10:07:35.999Z,,0.958526,,,0.851284,,,walking,51.516580,-0.131866,51.529856,-0.123909,3488.940918
visit,2026-02-25T10:07:35.999Z,2026-02-25T10:26:46.000Z,0,0.709781,ChIJXbS71BcbdkgRCxCAKCgSJ2E,Unknown,0.458184,51.536031,-0.126552,,,,,,
visit,2026-02-25T10:07:35.999Z,2026-02-25T10:20:15.999Z,1,0.709781,ChIJC4FV4xIbdkgRYxsUTSnAb1k,Unknown,0.083669,51.534985,-0.125130,,,,,,
activity,2026-02-25T10:26:46.000Z,2026-02-25T10:42:49.999Z,,0.987557,,,0.933927,,,walking,51.536465,-0.125713,51.541884,-0.142881,1396.107666
visit,2026-02-25T10:42:49.999Z,2026-02-25T12:11:26.358Z,0,0.862431,ChIJSfFEEuQadkgRCO-FF_-eZUc,Unknown,0.570861,51.541403,-0.146508,,,,,,
visit,2026-02-25T10:45:15.000Z,2026-02-25T12:11:26.358Z,1,0.862431,ChIJE3CeAlwbdkgR7cSizDf8Mh8,Unknown,0.775912,51.541255,-0.145017,,,,,,
activity,2026-02-25T12:11:26.358Z,2026-02-25T13:18:42.884Z,,0.963968,,,0.911161,,,walking,51.536765,-0.162379,51.532019,-0.177176,1371.620605
visit,2026-02-25T13:18:42.884Z,2026-02-25T15:11:19.296Z,0,0.926627,ChIJCUF3TwsbdkgR9J_H_dhgxg0,Unknown,0.426039,51.532055,-0.177332,,,,,,
activity,2026-02-25T15:11:19.296Z,2026-02-25T16:18:33.485Z,,0.881460,,,0.325228,,,in subway,51.528184,-0.150859,51.500225,-0.162958,3219.628662
activity,2026-02-25T16:18:33.485Z,2026-02-25T16:49:14.000Z,,0.983978,,,0.926952,,,walking,51.499131,-0.160061,51.488178,-0.167232,1587.341797
visit,2026-02-25T16:49:14.000Z,2026-02-25T17:34:03.752Z,0,0.748584,ChIJp89QIWwFdkgRmGk8O-QACw4,Unknown,0.261390,51.487441,-0.168215,,,,,,
activity,2026-02-25T17:34:03.752Z,2026-02-25T18:23:56.582Z,,0.990382,,,0.422810,,,in subway,51.486856,-0.169990,51.509406,-0.135910,3696.768555
visit,2026-02-25T18:23:56.582Z,2026-02-26T07:36:41.265Z,0,0.933549,ChIJvVRe4NMEdkgRw3WgQO_J9KM,Unknown,0.499039,51.510121,-0.134168,,,,,,
visit,2026-02-26T07:36:41.265Z,2026-02-26T08:08:26.999Z,0,0.544096,ChIJhRoYKUkFdkgRDL20SU9sr9E,Unknown,0.619072,51.507364,-0.164113,,,,,,
activity,2026-02-26T08:08:26.999Z,2026-02-26T08:47:00.999Z,,0.978757,,,0.939191,,,walking,51.502445,-0.187849,51.502732,-0.202579,1124.229492
visit,2026-02-26T08:47:00.999Z,2026-02-26T09:23:35.000Z,0,0.644399,ChIJ526-pu8PdkgRTWxnrCD4WWo,Unknown,0.793187,51.503225,-0.203667,,,,,,
visit,2026-02-26T08:47:00.999Z,2026-02-26T09:23:35.000Z,1,0.644399,ChIJj-aPR-8PdkgR3Q6dwHqMD5w,Unknown,0.692773,51.502992,-0.204690,,,,,,
activity,2026-02-26T09:23:35.000Z,2026-02-26T09:33:07.999Z,,0.957638,,,0.919760,,,walking,51.502570,-0.203316,51.500555,-0.194623,909.160095
visit,2026-02-26T09:33:07.999Z,2026-02-26T10:01:27.000Z,0,0.808770,ChIJgR1T2_YPdkgRox0xsHKJEWQ,Unknown,0.353270,51.500883,-0.192646,,,,,,
activity,2026-02-26T10:01:27.000Z,2026-02-26T10:25:43.000Z,,0.990662,,,0.944821,,,walking,51.502035,-0.186272,51.495884,-0.174714,1366.504272
visit,2026-02-26T10:25:43.000Z,2026-02-26T10:47:11.000Z,0,0.541274,ChIJw1d-sUMFdkgRH2XN_U0Jt54,Unknown,0.571836,51.496639,-0.172180,,,,,,
activity,2026-02-26T10:47:11.000Z,2026-02-26T10:55:43.999Z,,0.976953,,,0.893785,,,walking,51.496150,-0.171643,51.499066,-0.164338,610.004883
visit,2026-02-26T10:55:43.999Z,2026-02-26T12:27:46.968Z,0,0.867507,ChIJ_zAq7TgFdkgRQg1OSw1j7hU,Unknown,0.665744,51.499406,-0.163234,,,,,,
activity,2026-02-26T12:27:46.968Z,2026-02-26T12:54:09.841Z,,0.967876,,,0.433098,,,walking,51.500753,-0.162370,51.510152,-0.136273,2160.922607
visit,2026-02-26T12:54:09.841Z,2026-02-26T13:00:42.086Z,0,0.474509,ChIJpVeKbdQEdkgR__KpXSd4neU,Unknown,0.043347,51.510551,-0.136118,,,,,,
visit,2026-02-26T13:00:42.086Z,2026-02-26T13:50:36.000Z,0,0.754602,ChIJvVRe4NMEdkgRw3WgQO_J9KM,Unknown,0.675383,51.510121,-0.134168,,,,,,
activity,2026-02-26T13:50:36.000Z,2026-02-26T13:58:24.999Z,,0.984635,,,0.942050,,,walking,51.511171,-0.133589,51.515034,-0.130067,582.467712
visit,2026-02-26T13:58:24.999Z,2026-02-26T14:09:33.306Z,0,0.805493,ChIJUwzMay0bdkgR2il_ihMRcME,Unknown,0.350208,51.516281,-0.130041,,,,,,
visit,2026-02-26T14:09:33.306Z,2026-02-26T14:29:36.868Z,0,0.670733,ChIJhUo6z0QbdkgRnZG8To2GlN8,Unknown,0.299891,51.514354,-0.117741,,,,,,
activity,2026-02-26T14:29:36.868Z,2026-02-26T15:02:00.000Z,,0.992297,,,0.932902,,,walking,51.512969,-0.097295,51.506308,-0.088525,1270.928101
visit,2026-02-26T15:02:00.000Z,2026-02-26T15:13:44.000Z,0,0.749992,ChIJD2bPdVcDdkgRuUSgnOXnKDE,Unknown,0.794098,51.505583,-0.090481,,,,,,
activity,2026-02-26T15:13:44.000Z,2026-02-26T15:42:27.000Z,,0.884354,,,0.863004,,,walking,51.510783,-0.084849,51.511729,-0.081982,232.719788
visit,2026-02-26T15:42:27.000Z,2026-02-26T16:22:03.997Z,0,0.652563,ChIJt_2vdU0DdkgRNXf_foGN20c,Unknown,0.052481,51.512170,-0.080937,,,,,,
activity,2026-02-26T16:22:03.997Z,2026-02-26T17:41:53.998Z,,0.934005,,,0.880355,,,walking,51.511483,-0.118485,51.510737,-0.120799,181.211151
visit,2026-02-26T17:41:53.998Z,2026-02-27T04:55:33.000Z,0,0.941324,ChIJCxpE2tMEdkgRSYWJsDh7OOA,Unknown,0.505488,51.510507,-0.133459,,,,,,
activity,2026-02-27T04:55:33.000Z,2026-02-27T05:09:22.999Z,,0.908342,,,0.685015,,,walking,51.509907,-0.133224,51.508079,-0.126511,591.704041
activity,2026-02-27T05:09:22.999Z,2026-02-27T13:32:43.996+01:00,,0.988517,,,0.697266,,,in bus,51.508079,-0.126511,40.410209,-3.700895,30939.712891
activity,2026-02-27T13:32:43.996+01:00,2026-02-27T15:49:51.999+01:00,,0.974972,,,0.896481,,,walking,40.418000,-3.684090,40.415180,-3.707034,2537.965088
visit,2026-02-27T15:49:51.999+01:00,2026-02-27T16:37:08.000+01:00,0,0.591673,ChIJZX56134oQg0RHBgRAVQ8pkk,Unknown,0.179293,40.415511,-3.707401,,,,,,
visit,2026-02-27T16:37:08.000+01:00,2026-02-27T20:26:05.029+01:00,0,0.483941,ChIJT-qy934oQg0RwzQqkgx7t-M,Unknown,0.063735,40.416293,-3.705636,,,,,,
activity,2026-02-27T20:26:05.029+01:00,2026-02-27T20:57:09.854+01:00,,0.901493,,,0.582124,,,walking,40.410156,-3.700545,40.426732,-3.701582,1879.358887
visit,2026-02-27T20:57:09.854+01:00,2026-02-28T06:16:09.753+01:00,0,0.664313,ChIJ_5NFsIkoQg0RfAXGpzkK-AM,Unknown,0.114205,40.426149,-3.701178,,,,,,
activity,2026-02-28T06:16:09.753+01:00,2026-02-28T06:18:16.999+01:00,,0.715084,,,0.455044,,,walking,40.433233,-3.704431,40.432947,-3.704147,39.885498
activity,2026-02-28T06:18:16.999+01:00,2026-02-28T06:51:16.000+01:00,,0.928808,,,0.664205,,,in subway,40.432947,-3.704147,40.412330,-3.699018,2348.539062
visit,2026-02-28T06:51:16.000+01:00,2026-02-28T11:26:55.999+01:00,0,0.558649,ChIJHYpvu8cnQg0RVrOZ2zgDVYI,Unknown,0.451234,40.410197,-3.700544,,,,,,
activity,2026-02-28T11:26:55.999+01:00,2026-02-28T11:50:34.999+01:00,,0.866896,,,0.833799,,,walking,40.411941,-3.701649,40.419966,-3.702172,1185.354492
visit,2026-02-28T11:50:34.999+01:00,2026-02-28T14:43:28.428+01:00,0,0.890077,ChIJv_xvbIcoQg0Ra-5LR2Mpvys,Unknown,0.099110,40.419900,-3.701640,,,,,,
activity,2026-02-28T14:43:28.428+01:00,2026-02-28T16:48:45.570+01:00,,0.804359,,,0.780495,,,walking,40.412760,-3.703861,40.414117,-3.703052,933.589600
visit,2026-02-28T16:48:45.570+01:00,2026-02-28T18:45:41.957+01:00,0,0.913570,ChIJ5YGImXwoQg0Rd4wuEt6WTU0,Unknown,0.068911,40.421345,-3.707231,,,,,,
activity,2026-02-28T18:45:41.957+01:00,2026-02-28T20:07:42.209+01:00,,0.795923,,,0.761699,,,walking,40.420936,-3.706935,40.423619,-3.711033,457.571320
visit,2026-02-28T20:07:42.209+01:00,2026-02-28T21:35:56.999+01:00,0,0.674233,ChIJwaZ4XJgpQg0Rc2zf8sJEfTE,Unknown,0.210014,40.417621,-3.704672,,,,,,
activity,2026-02-28T21:35:56.999+01:00,2026-02-28T21:44:36.999+01:00,,0.986458,,,0.936953,,,walking,40.418875,-3.703672,40.412000,-3.703144,831.872620
visit,2026-02-28T21:44:36.999+01:00,2026-02-28T22:46:29.036+01:00,0,0.662758,ChIJI5kBZdUnQg0RsfDJDrfChEQ,Unknown,0.022083,40.412369,-3.704324,,,,,,
visit,2026-02-28T22:46:29.036+01:00,2026-03-01T09:23:33.361+01:00,0,0.570280,ChIJHYpvu8cnQg0RVrOZ2zgDVYI,Unknown,0.395161,40.410197,-3.700544,,,,,,
activity,2026-03-01T09:23:33.361+01:00,2026-03-01T09:38:57.999+01:00,,0.983891,,,0.930163,,,walking,40.410255,-3.700665,40.417230,-3.704025,1093.145752
visit,2026-03-01T09:38:57.999+01:00,2026-03-01T12:34:48.999+01:00,0,0.568891,ChIJJ_-GuX0oQg0R6OQFx90MVTA,Unknown,0.226763,40.418277,-3.705165,,,,,,
activity,2026-03-01T12:34:48.999+01:00,2026-03-01T12:42:38.000+01:00,,0.954778,,,0.918204,,,walking,40.417419,-3.704263,40.421329,-3.701151,537.463135
visit,2026-03-01T12:42:38.000+01:00,2026-03-01T12:52:08.999+01:00,0,0.657163,ChIJvZvk6lQpQg0Rhtj92EnCEVw,Unknown,0.192898,40.421658,-3.700855,,,,,,
activity,2026-03-01T12:52:08.999+01:00,2026-03-01T13:05:31.999+01:00,,0.987468,,,0.932508,,,walking,40.421360,-3.701213,40.411411,-3.701672,1130.148682
visit,2026-03-01T13:05:31.999+01:00,2026-03-01T14:00:44.999+01:00,0,0.708346,ChIJxTHU_ComQg0RCW0gBBM7Io0,Unknown,0.086129,40.410575,-3.700980,,,,,,
activity,2026-03-01T14:00:44.999+01:00,2026-03-01T14:08:42.998+01:00,,0.931020,,,0.899042,,,walking,40.411352,-3.700327,40.415709,-3.696190,653.723328
visit,2026-03-01T14:08:42.998+01:00,2026-03-01T15:25:45.272+01:00,0,0.846239,ChIJv-yiGoMoQg0Rj1LLgnhKk1o,Unknown,0.139490,40.416041,-3.694925,,,,,,
activity,2026-03-01T15:25:45.272+01:00,2026-03-01T15:38:41.999+01:00,,0.935580,,,0.876902,,,walking,40.414819,-3.698664,40.415410,-3.706790,718.223389
visit,2026-03-01T15:38:41.999+01:00,2026-03-01T15:53:47.000+01:00,0,0.757278,ChIJZX56134oQg0RHBgRAVQ8pkk,Unknown,0.490760,40.415511,-3.707401,,,,,,
activity,2026-03-01T15:53:47.000+01:00,2026-03-01T16:20:03.308+01:00,,0.861824,,,0.785418,,,walking,40.414513,-3.707566,40.410173,-3.700612,851.709900
visit,2026-03-01T16:20:03.308+01:00,2026-03-02T02:08:51.164+01:00,0,0.825502,ChIJHYpvu8cnQg0RVrOZ2zgDVYI,Unknown,0.378217,40.410197,-3.700544,,,,,,
activity,2026-03-02T02:08:51.164+01:00,2026-03-02T02:42:55.091+01:00,,0.860078,,,0.452742,,,in passenger vehicle,40.464025,-3.570795,40.451781,-3.588137,2015.576660
visit,2026-03-01T22:42:55.091-03:00,2026-03-04T22:56:44.264-03:00,0,0.371176,ChIJkUc8emi2vJURJKvkxe3y60c,Unknown,0.212609,-34.577280,-58.483659,,,,,,
activity,2026-03-04T22:56:44.264-03:00,2026-03-05T20:06:50.676-03:00,,0.855223,,,0.434636,,,walking,-34.611004,-58.433405,-34.611486,-58.433452,53.870312
activity,2026-03-05T20:06:50.676-03:00,2026-03-05T20:48:39.090-03:00,,0.969568,,,0.745969,,,in passenger vehicle,-34.582687,-58.469543,-34.579311,-58.469512,375.488525
visit,2026-03-05T20:48:39.090-03:00,2026-03-05T21:15:44.827-03:00,0,0.989034,ChIJiXqyScC2vJURa7eDXB_4r7Q,Unknown,0.571388,-34.546486,-58.487853,,,,,,
activity,2026-03-05T21:15:44.827-03:00,2026-03-05T22:06:46.095-03:00,,0.974153,,,0.576374,,,in passenger vehicle,-34.545489,-58.488507,-34.598810,-58.482496,3998.587402
visit,2026-03-05T22:06:46.095-03:00,2026-03-06T00:27:10.000-03:00,0,0.725111,ChIJo8Dkxxm2vJURJxVCuzO4mJ4,Unknown,0.115561,-34.597861,-58.481668,,,,,,
visit,2026-03-06T00:27:10.000-03:00,2026-03-08T20:02:27.499-03:00,0,0.543806,ChIJL2QXshm2vJURoaJGC-O6mDU,Unknown,0.049188,-34.598394,-58.482673,,,,,,
visit,2026-03-08T20:02:27.499-03:00,2026-03-08T20:51:47.863-03:00,0,0.893860,ChIJGbd3L2S2vJUR7DvQleymyoY,Unknown,0.499300,-34.573156,-58.479881,,,,,,
activity,2026-03-08T20:51:47.863-03:00,2026-03-08T22:33:18.999-03:00,,0.921376,,,0.799231,,,walking,-34.573118,-58.480058,-34.577060,-58.472731,801.331970
visit,2026-03-08T22:33:18.999-03:00,2026-03-10T00:40:24.359-03:00,0,0.799582,ChIJHR2Dkjy2vJURFLyQQD_VBSg,Unknown,0.337930,-34.596978,-58.490104,,,,,,
visit,2026-03-10T00:40:24.359-03:00,2026-03-10T09:10:08.492-03:00,0,0.429246,ChIJL2QXshm2vJURoaJGC-O6mDU,Unknown,0.055076,-34.598394,-58.482673,,,,,,
activity,2026-03-10T09:10:08.492-03:00,2026-03-10T09:19:48.000-03:00,,0.980665,,,0.892479,,,walking,-34.584907,-58.479065,-34.578396,-58.482946,840.100830
visit,2026-03-10T09:19:48.000-03:00,2026-03-10T12:07:34.026-03:00,0,0.722109,ChIJkUc8emi2vJURJKvkxe3y60c,Unknown,0.307418,-34.577280,-58.483659,,,,,,
activity,2026-03-10T12:07:34.026-03:00,2026-03-10T12:33:06.000-03:00,,0.989955,,,0.926412,,,walking,-34.576686,-58.482901,-34.593097,-58.483434,2087.450684
visit,2026-03-10T12:33:06.000-03:00,2026-03-11T08:24:20.379-03:00,0,0.703678,ChIJg2-_5Iq3vJURKWcP6D_uvBM,Unknown,0.373185,-34.592470,-58.483635,,,,,,
activity,2026-03-11T08:24:20.379-03:00,2026-03-11T08:36:13.824-03:00,,0.985781,,,0.708823,,,in passenger vehicle,-34.562781,-58.491260,-34.549592,-58.490071,1470.564575
visit,2026-03-11T08:36:13.824-03:00,2026-03-11T13:29:42.301-03:00,0,0.766976,ChIJu_mDI-q2vJURFpoiORhfxsU,Unknown,0.216961,-34.550527,-58.491035,,,,,,
activity,2026-03-11T13:29:42.301-03:00,2026-03-11T13:29:52.328-03:00,,0.875952,,,0.554992,,,in passenger vehicle,-34.547509,-58.486660,-34.547808,-58.486635,33.385365
visit,2026-03-11T13:29:52.328-03:00,2026-03-11T17:16:26.999-03:00,0,0.889009,ChIJiXqyScC2vJURa7eDXB_4r7Q,Unknown,0.692331,-34.546486,-58.487853,,,,,,
visit,2026-03-11T13:29:52.328-03:00,2026-03-11T17:16:26.999-03:00,1,0.889009,ChIJEaF5A8C2vJURswcK92tXguc,Unknown,0.356556,-34.547494,-58.486390,,,,,,
visit,2026-03-11T17:16:26.999-03:00,2026-03-12T21:10:58.590-03:00,0,0.422575,ChIJ9WgosRm2vJUR-q_zrVpI7w0,Unknown,0.063586,-34.598193,-58.482649,,,,,,
visit,2026-03-12T21:10:58.590-03:00,2026-03-12T21:17:44.102-03:00,0,0.628471,ChIJPyMwk2nKvJURxDEBEU6G-ME,Searched Address,0.580524,-34.611117,-58.433519,,,,,,
activity,2026-03-12T21:17:44.102-03:00,2026-03-12T21:31:44.095-03:00,,0.985582,,,0.927189,,,in passenger vehicle,-34.611283,-58.433548,-34.615371,-58.384483,5032.158691
visit,2026-03-12T21:31:44.095-03:00,2026-03-13T01:15:08.079-03:00,0,0.874897,ChIJa2bde-HLvJUR2xaq4pHULLs,Unknown,0.115841,-34.616631,-58.383551,,,,,,
activity,2026-03-13T01:15:08.079-03:00,2026-03-13T01:41:10.084-03:00,,0.989654,,,0.671519,,,in passenger vehicle,-34.616574,-58.383515,-34.610585,-58.432995,7754.271484
activity,2026-03-13T01:41:10.084-03:00,2026-03-13T01:47:34.979-03:00,,0.873361,,,0.520583,,,walking,-34.612336,-58.433665,-34.611112,-58.433631,288.065399
visit,2026-03-13T01:47:34.979-03:00,2026-03-13T21:34:16.994-03:00,0,0.335761,ChIJPyMwk2nKvJURxDEBEU6G-ME,Searched Address,0.406334,-34.611117,-58.433519,,,,,,
visit,2026-03-13T21:34:16.994-03:00,2026-03-13T21:38:34.415-03:00,0,0.625715,ChIJCyI2zjI1o5URNzLRi28Xx9g,Unknown,0.297451,-34.605541,-58.373817,,,,,,
activity,2026-03-13T21:38:34.415-03:00,2026-03-13T21:42:29.200-03:00,,0.892818,,,0.375899,,,walking,-34.605599,-58.374105,-34.603256,-58.374046,260.532013
activity,2026-03-13T21:42:29.200-03:00,2026-03-13T22:08:01.999-03:00,,0.981227,,,0.532122,,,in bus,-34.605599,-58.374105,-34.571156,-58.422505,6306.895996
visit,2026-03-13T22:08:01.999-03:00,2026-03-13T22:13:40.999-03:00,0,0.560274,ChIJzTMsFvi1vJUR9c5QWFMc2PI,Unknown,0.304184,-34.570901,-58.422129,,,,,,
activity,2026-03-13T22:13:40.999-03:00,2026-03-13T22:14:37.999-03:00,,0.992673,,,0.713191,,,in passenger vehicle,-34.571647,-58.422144,-34.573617,-58.417828,451.854553
visit,2026-03-13T22:14:37.999-03:00,2026-03-14T09:54:16.008-03:00,0,0.648370,ChIJ10xgN561vJURkon23PB48-E,Unknown,0.098267,-34.570651,-58.417300,,,,,,
visit,2026-03-14T09:54:16.008-03:00,2026-03-14T09:55:44.378-03:00,0,0.857155,ChIJ5TzWetLKvJURxzt1cDvPF-k,Unknown,0.401550,-34.606078,-58.375013,,,,,,
timelinePath,2025-12-14T20:00:00.000Z,2025-12-14T22:00:00.000Z,,,,,,-34.621773,-58.417993,,,,,,
timelinePath,2025-12-16T12:00:00.000Z,2025-12-16T14:00:00.000Z,,,,,,-34.543333,-58.489055,,,,,,
timelinePath,2025-12-18T22:00:00.000Z,2025-12-19T00:00:00.000Z,,,,,,-34.598706,-58.482578,,,,,,
timelinePath,2025-12-19T02:00:00.000Z,2025-12-19T04:00:00.000Z,,,,,,-34.598706,-58.482578,,,,,,
timelinePath,2025-12-19T08:00:00.000Z,2025-12-19T10:00:00.000Z,,,,,,-34.599012,-58.482647,,,,,,
timelinePath,2025-12-19T10:00:00.000Z,2025-12-19T12:00:00.000Z,,,,,,-34.601010,-58.496661,,,,,,
timelinePath,2025-12-19T22:00:00.000Z,2025-12-20T00:00:00.000Z,,,,,,-34.598707,-58.482579,,,,,,
timelinePath,2025-12-20T00:00:00.000Z,2025-12-20T02:00:00.000Z,,,,,,-34.602776,-58.465398,,,,,,
timelinePath,2025-12-21T12:00:00.000Z,2025-12-21T14:00:00.000Z,,,,,,-34.598302,-58.482338,,,,,,
timelinePath,2025-12-21T14:00:00.000Z,2025-12-21T16:00:00.000Z,,,,,,-34.598931,-58.480489,,,,,,
timelinePath,2025-12-21T20:00:00.000Z,2025-12-21T22:00:00.000Z,,,,,,-34.590272,-58.515821,,,,,,
timelinePath,2025-12-21T22:00:00.000Z,2025-12-22T00:00:00.000Z,,,,,,-34.598693,-58.482595,,,,,,
timelinePath,2025-12-22T20:00:00.000Z,2025-12-22T22:00:00.000Z,,,,,,-34.581262,-58.474358,,,,,,
timelinePath,2025-12-23T10:00:00.000Z,2025-12-23T12:00:00.000Z,,,,,,-34.600814,-58.496837,,,,,,
timelinePath,2025-12-28T12:00:00.000Z,2025-12-28T14:00:00.000Z,,,,,,-23.952598,-46.311035,,,,,,
timelinePath,2025-12-31T22:00:00.000Z,2026-01-01T00:00:00.000Z,,,,,,-34.598761,-58.481132,,,,,,
timelinePath,2026-01-01T04:00:00.000Z,2026-01-01T06:00:00.000Z,,,,,,-34.575243,-58.484178,,,,,,
timelinePath,2026-01-01T20:00:00.000Z,2026-01-01T22:00:00.000Z,,,,,,-34.575196,-58.484334,,,,,,
timelinePath,2026-01-05T03:00:00.000Z,2026-01-05T05:00:00.000Z,,,,,,-34.598558,-58.482587,,,,,,
timelinePath,2026-01-05T21:00:00.000Z,2026-01-05T23:00:00.000Z,,,,,,-34.598565,-58.482588,,,,,,
timelinePath,2026-01-09T21:00:00.000Z,2026-01-09T23:00:00.000Z,,,,,,-34.599790,-58.494443,,,,,,
timelinePath,2026-01-10T17:00:00.000Z,2026-01-10T19:00:00.000Z,,,,,,-34.738204,-58.392439,,,,,,
timelinePath,2026-01-10T19:00:00.000Z,2026-01-10T21:00:00.000Z,,,,,,-34.738142,-58.392908,,,,,,
timelinePath,2026-01-10T23:00:00.000Z,2026-01-11T01:00:00.000Z,,,,,,-34.738204,-58.392439,,,,,,
timelinePath,2026-01-11T23:00:00.000Z,2026-01-12T01:00:00.000Z,,,,,,-34.597564,-58.486077,,,,,,
timelinePath,2026-01-12T17:00:00.000Z,2026-01-12T19:00:00.000Z,,,,,,-34.598583,-58.482595,,,,,,
timelinePath,2026-01-12T23:00:00.000Z,2026-01-13T01:00:00.000Z,,,,,,-34.598129,-58.485664,,,,,,
timelinePath,2026-01-13T03:00:00.000Z,2026-01-13T05:00:00.000Z,,,,,,-34.598614,-58.482596,,,,,,
timelinePath,2026-01-14T01:00:00.000Z,2026-01-14T03:00:00.000Z,,,,,,-34.598584,-58.482597,,,,,,
timelinePath,2026-01-14T13:00:00.000Z,2026-01-14T15:00:00.000Z,,,,,,-34.598585,-58.482597,,,,,,
timelinePath,2026-01-14T15:00:00.000Z,2026-01-14T17:00:00.000Z,,,,,,-34.598585,-58.482597,,,,,,
timelinePath,2026-01-15T11:00:00.000Z,2026-01-15T13:00:00.000Z,,,,,,-34.611043,-58.433438,,,,,,
timelinePath,2026-01-15T13:00:00.000Z,2026-01-15T15:00:00.000Z,,,,,,-34.598591,-58.482599,,,,,,
timelinePath,2026-01-15T17:00:00.000Z,2026-01-15T19:00:00.000Z,,,,,,-34.597805,-58.484593,,,,,,
timelinePath,2026-01-15T19:00:00.000Z,2026-01-15T21:00:00.000Z,,,,,,-34.600709,-58.496077,,,,,,
timelinePath,2026-01-16T01:00:00.000Z,2026-01-16T03:00:00.000Z,,,,,,-34.598581,-58.482599,,,,,,
timelinePath,2026-01-16T09:00:00.000Z,2026-01-16T11:00:00.000Z,,,,,,-34.598446,-58.482213,,,,,,
timelinePath,2026-01-16T11:00:00.000Z,2026-01-16T13:00:00.000Z,,,,,,-34.579954,-58.475606,,,,,,
timelinePath,2026-01-16T13:00:00.000Z,2026-01-16T15:00:00.000Z,,,,,,-34.576234,-58.487602,,,,,,
timelinePath,2026-01-17T03:00:00.000Z,2026-01-17T05:00:00.000Z,,,,,,-34.598596,-58.482599,,,,,,
timelinePath,2026-01-17T21:00:00.000Z,2026-01-17T23:00:00.000Z,,,,,,-34.612873,-58.438509,,,,,,
timelinePath,2026-01-17T23:00:00.000Z,2026-01-18T01:00:00.000Z,,,,,,-34.610269,-58.482297,,,,,,
timelinePath,2026-01-19T13:00:00.000Z,2026-01-19T15:00:00.000Z,,,,,,-34.598594,-58.482599,,,,,,
timelinePath,2026-01-19T15:00:00.000Z,2026-01-19T17:00:00.000Z,,,,,,-34.598526,-58.482175,,,,,,
timelinePath,2026-01-20T11:00:00.000Z,2026-01-20T13:00:00.000Z,,,,,,-34.600896,-58.496746,,,,,,
timelinePath,2026-01-20T19:00:00.000Z,2026-01-20T21:00:00.000Z,,,,,,-34.598601,-58.482596,,,,,,
timelinePath,2026-01-20T21:00:00.000Z,2026-01-20T23:00:00.000Z,,,,,,-34.599087,-58.482124,,,,,,
timelinePath,2026-01-20T23:00:00.000Z,2026-01-21T01:00:00.000Z,,,,,,-34.571341,-58.441970,,,,,,
timelinePath,2026-01-21T03:00:00.000Z,2026-01-21T05:00:00.000Z,,,,,,-34.598604,-58.482595,,,,,,
timelinePath,2026-01-21T09:00:00.000Z,2026-01-21T11:00:00.000Z,,,,,,-34.599000,-58.493242,,,,,,
timelinePath,2026-01-23T19:00:00.000Z,2026-01-23T21:00:00.000Z,,,,,,-34.547199,-58.489335,,,,,,
timelinePath,2026-01-23T23:00:00.000Z,2026-01-24T01:00:00.000Z,,,,,,-34.540845,-58.479639,,,,,,
timelinePath,2026-01-24T13:00:00.000Z,2026-01-24T15:00:00.000Z,,,,,,-34.421990,-58.580098,,,,,,
timelinePath,2026-01-24T15:00:00.000Z,2026-01-24T17:00:00.000Z,,,,,,-34.421196,-58.579012,,,,,,
timelinePath,2026-01-25T15:00:00.000Z,2026-01-25T17:00:00.000Z,,,,,,-34.399174,-58.596550,,,,,,
timelinePath,2026-01-25T21:00:00.000Z,2026-01-25T23:00:00.000Z,,,,,,-34.399110,-58.596463,,,,,,
timelinePath,2026-01-26T09:00:00.000Z,2026-01-26T11:00:00.000Z,,,,,,-34.418815,-58.579132,,,,,,
timelinePath,2026-01-26T11:00:00.000Z,2026-01-26T13:00:00.000Z,,,,,,-34.515522,-58.488330,,,,,,
timelinePath,2026-01-27T23:00:00.000Z,2026-01-28T01:00:00.000Z,,,,,,-34.598634,-58.482583,,,,,,
timelinePath,2026-01-28T03:00:00.000Z,2026-01-28T05:00:00.000Z,,,,,,-34.598634,-58.482582,,,,,,
timelinePath,2026-01-28T11:00:00.000Z,2026-01-28T13:00:00.000Z,,,,,,-34.587122,-58.486456,,,,,,
timelinePath,2026-01-28T13:00:00.000Z,2026-01-28T15:00:00.000Z,,,,,,-34.581136,-58.490705,,,,,,
timelinePath,2026-01-28T23:00:00.000Z,2026-01-29T01:00:00.000Z,,,,,,-34.598634,-58.482581,,,,,,
timelinePath,2026-01-29T23:00:00.000Z,2026-01-30T01:00:00.000Z,,,,,,-34.598736,-58.482612,,,,,,
timelinePath,2026-01-30T01:00:00.000Z,2026-01-30T03:00:00.000Z,,,,,,-34.598648,-58.482584,,,,,,
timelinePath,2026-01-31T19:00:00.000Z,2026-01-31T21:00:00.000Z,,,,,,-34.683788,-58.385964,,,,,,
timelinePath,2026-02-01T19:00:00.000Z,2026-02-01T21:00:00.000Z,,,,,,-34.577785,-58.403242,,,,,,
timelinePath,2026-02-01T21:00:00.000Z,2026-02-01T23:00:00.000Z,,,,,,-34.576716,-58.402833,,,,,,
timelinePath,2026-02-03T17:00:00.000Z,2026-02-03T19:00:00.000Z,,,,,,-34.598642,-58.482588,,,,,,
timelinePath,2026-02-04T01:00:00.000Z,2026-02-04T03:00:00.000Z,,,,,,-34.598640,-58.482588,,,,,,
timelinePath,2026-02-04T11:00:00.000Z,2026-02-04T13:00:00.000Z,,,,,,-34.604081,-58.412124,,,,,,
timelinePath,2026-02-04T15:00:00.000Z,2026-02-04T17:00:00.000Z,,,,,,-34.594593,-58.401771,,,,,,
timelinePath,2026-02-04T17:00:00.000Z,2026-02-04T19:00:00.000Z,,,,,,-34.619518,-58.438329,,,,,,
timelinePath,2026-02-05T01:00:00.000Z,2026-02-05T03:00:00.000Z,,,,,,-34.598641,-58.482591,,,,,,
timelinePath,2026-02-05T11:00:00.000Z,2026-02-05T13:00:00.000Z,,,,,,-34.594641,-58.401494,,,,,,
timelinePath,2026-02-05T13:00:00.000Z,2026-02-05T15:00:00.000Z,,,,,,-34.594534,-58.401852,,,,,,
timelinePath,2026-02-05T19:00:00.000Z,2026-02-05T21:00:00.000Z,,,,,,-34.598705,-58.482602,,,,,,
timelinePath,2026-02-05T21:00:00.000Z,2026-02-05T23:00:00.000Z,,,,,,-34.598662,-58.482591,,,,,,
timelinePath,2026-02-06T13:00:00.000Z,2026-02-06T15:00:00.000Z,,,,,,-34.598670,-58.482331,,,,,,
timelinePath,2026-02-06T21:00:00.000Z,2026-02-06T23:00:00.000Z,,,,,,-34.598665,-58.482592,,,,,,
timelinePath,2026-02-07T17:00:00.000Z,2026-02-07T19:00:00.000Z,,,,,,-34.611031,-58.433748,,,,,,
timelinePath,2026-02-07T19:00:00.000Z,2026-02-07T21:00:00.000Z,,,,,,-34.611028,-58.433750,,,,,,
timelinePath,2026-02-07T23:00:00.000Z,2026-02-08T01:00:00.000Z,,,,,,-34.598997,-58.511423,,,,,,
timelinePath,2026-02-08T21:00:00.000Z,2026-02-08T23:00:00.000Z,,,,,,-34.813881,-58.540268,,,,,,
timelinePath,2026-02-09T23:00:00.000Z,2026-02-10T01:00:00.000Z,,,,,,40.463577,-3.570995,,,,,,
timelinePath,2026-02-10T09:00:00.000Z,2026-02-10T11:00:00.000Z,,,,,,41.379076,2.139043,,,,,,
timelinePath,2026-02-10T11:00:00.000Z,2026-02-10T13:00:00.000Z,,,,,,41.391921,2.165066,,,,,,
timelinePath,2026-02-10T13:00:00.000Z,2026-02-10T15:00:00.000Z,,,,,,41.384381,2.182173,,,,,,
timelinePath,2026-02-10T15:00:00.000Z,2026-02-10T17:00:00.000Z,,,,,,41.392966,2.163963,,,,,,
timelinePath,2026-02-10T17:00:00.000Z,2026-02-10T19:00:00.000Z,,,,,,41.390110,2.162030,,,,,,
timelinePath,2026-02-10T19:00:00.000Z,2026-02-10T21:00:00.000Z,,,,,,41.391901,2.164961,,,,,,
timelinePath,2026-02-10T21:00:00.000Z,2026-02-10T23:00:00.000Z,,,,,,41.385365,2.161359,,,,,,
timelinePath,2026-02-11T07:00:00.000Z,2026-02-11T09:00:00.000Z,,,,,,41.390644,2.160787,,,,,,
timelinePath,2026-02-11T09:00:00.000Z,2026-02-11T11:00:00.000Z,,,,,,41.399689,2.170486,,,,,,
timelinePath,2026-02-11T11:00:00.000Z,2026-02-11T13:00:00.000Z,,,,,,41.403334,2.174408,,,,,,
timelinePath,2026-02-11T13:00:00.000Z,2026-02-11T15:00:00.000Z,,,,,,41.404925,2.174282,,,,,,
timelinePath,2026-02-11T15:00:00.000Z,2026-02-11T17:00:00.000Z,,,,,,41.390234,2.160623,,,,,,
timelinePath,2026-02-11T21:00:00.000Z,2026-02-11T23:00:00.000Z,,,,,,41.389204,2.160998,,,,,,
timelinePath,2026-02-11T23:00:00.000Z,2026-02-12T01:00:00.000Z,,,,,,41.390358,2.160658,,,,,,
timelinePath,2026-02-12T09:00:00.000Z,2026-02-12T11:00:00.000Z,,,,,,41.390288,2.160704,,,,,,
timelinePath,2026-02-12T11:00:00.000Z,2026-02-12T13:00:00.000Z,,,,,,41.415900,2.129860,,,,,,
timelinePath,2026-02-12T13:00:00.000Z,2026-02-12T15:00:00.000Z,,,,,,41.419067,2.165055,,,,,,
timelinePath,2026-02-13T01:00:00.000Z,2026-02-13T03:00:00.000Z,,,,,,41.374916,2.169678,,,,,,
timelinePath,2026-02-13T11:00:00.000Z,2026-02-13T13:00:00.000Z,,,,,,41.390238,2.160515,,,,,,
timelinePath,2026-02-13T13:00:00.000Z,2026-02-13T15:00:00.000Z,,,,,,41.391315,2.165189,,,,,,
timelinePath,2026-02-13T15:00:00.000Z,2026-02-13T17:00:00.000Z,,,,,,41.392451,2.161652,,,,,,
timelinePath,2026-02-13T17:00:00.000Z,2026-02-13T19:00:00.000Z,,,,,,41.385678,2.170371,,,,,,
timelinePath,2026-02-13T19:00:00.000Z,2026-02-13T21:00:00.000Z,,,,,,41.382045,2.171813,,,,,,
timelinePath,2026-02-14T07:00:00.000Z,2026-02-14T09:00:00.000Z,,,,,,49.005189,2.576599,,,,,,
timelinePath,2026-02-14T09:00:00.000Z,2026-02-14T11:00:00.000Z,,,,,,48.878159,2.371069,,,,,,
timelinePath,2026-02-14T13:00:00.000Z,2026-02-14T15:00:00.000Z,,,,,,48.862410,2.293715,,,,,,
timelinePath,2026-02-14T15:00:00.000Z,2026-02-14T17:00:00.000Z,,,,,,48.855361,2.304009,,,,,,
timelinePath,2026-02-14T19:00:00.000Z,2026-02-14T21:00:00.000Z,,,,,,48.869636,2.284730,,,,,,
timelinePath,2026-02-14T21:00:00.000Z,2026-02-14T23:00:00.000Z,,,,,,48.863946,2.286706,,,,,,
timelinePath,2026-02-14T23:00:00.000Z,2026-02-15T01:00:00.000Z,,,,,,48.878259,2.369632,,,,,,
timelinePath,2026-02-15T09:00:00.000Z,2026-02-15T11:00:00.000Z,,,,,,48.878380,2.369758,,,,,,
timelinePath,2026-02-15T11:00:00.000Z,2026-02-15T13:00:00.000Z,,,,,,48.887533,2.337936,,,,,,
timelinePath,2026-02-15T15:00:00.000Z,2026-02-15T17:00:00.000Z,,,,,,48.876940,2.326933,,,,,,
timelinePath,2026-02-15T17:00:00.000Z,2026-02-15T19:00:00.000Z,,,,,,48.853284,2.348343,,,,,,
timelinePath,2026-02-16T05:00:00.000Z,2026-02-16T07:00:00.000Z,,,,,,48.889876,2.335759,,,,,,
timelinePath,2026-02-16T07:00:00.000Z,2026-02-16T09:00:00.000Z,,,,,,48.887306,2.333323,,,,,,
timelinePath,2026-02-16T09:00:00.000Z,2026-02-16T11:00:00.000Z,,,,,,48.873414,2.332467,,,,,,
timelinePath,2026-02-16T11:00:00.000Z,2026-02-16T13:00:00.000Z,,,,,,48.867203,2.315085,,,,,,
timelinePath,2026-02-16T13:00:00.000Z,2026-02-16T15:00:00.000Z,,,,,,48.844350,2.322031,,,,,,
timelinePath,2026-02-16T15:00:00.000Z,2026-02-16T17:00:00.000Z,,,,,,48.850169,2.345326,,,,,,
timelinePath,2026-02-16T17:00:00.000Z,2026-02-16T19:00:00.000Z,,,,,,48.889876,2.335758,,,,,,
timelinePath,2026-02-16T21:00:00.000Z,2026-02-16T23:00:00.000Z,,,,,,48.860545,2.293471,,,,,,
timelinePath,2026-02-17T07:00:00.000Z,2026-02-17T09:00:00.000Z,,,,,,48.889877,2.335757,,,,,,
timelinePath,2026-02-17T09:00:00.000Z,2026-02-17T11:00:00.000Z,,,,,,48.889628,2.335748,,,,,,
timelinePath,2026-02-17T11:00:00.000Z,2026-02-17T13:00:00.000Z,,,,,,48.848573,2.367741,,,,,,
timelinePath,2026-02-17T13:00:00.000Z,2026-02-17T15:00:00.000Z,,,,,,48.871961,2.340488,,,,,,
timelinePath,2026-02-17T15:00:00.000Z,2026-02-17T17:00:00.000Z,,,,,,48.862006,2.324727,,,,,,
timelinePath,2026-02-17T17:00:00.000Z,2026-02-17T19:00:00.000Z,,,,,,48.858022,2.292229,,,,,,
timelinePath,2026-02-17T21:00:00.000Z,2026-02-17T23:00:00.000Z,,,,,,48.879600,2.282553,,,,,,
timelinePath,2026-02-18T03:00:00.000Z,2026-02-18T05:00:00.000Z,,,,,,50.863766,4.329253,,,,,,
timelinePath,2026-02-18T05:00:00.000Z,2026-02-18T07:00:00.000Z,,,,,,50.851095,4.338278,,,,,,
timelinePath,2026-02-18T07:00:00.000Z,2026-02-18T09:00:00.000Z,,,,,,50.852848,4.340402,,,,,,
timelinePath,2026-02-18T11:00:00.000Z,2026-02-18T13:00:00.000Z,,,,,,50.838660,4.340698,,,,,,
timelinePath,2026-02-18T13:00:00.000Z,2026-02-18T15:00:00.000Z,,,,,,50.822144,4.250846,,,,,,
timelinePath,2026-02-18T15:00:00.000Z,2026-02-18T17:00:00.000Z,,,,,,51.056088,3.722286,,,,,,
timelinePath,2026-02-18T17:00:00.000Z,2026-02-18T19:00:00.000Z,,,,,,51.034778,3.711253,,,,,,
timelinePath,2026-02-18T21:00:00.000Z,2026-02-18T23:00:00.000Z,,,,,,50.851223,4.338233,,,,,,
timelinePath,2026-02-19T07:00:00.000Z,2026-02-19T09:00:00.000Z,,,,,,50.845618,4.356300,,,,,,
timelinePath,2026-02-19T09:00:00.000Z,2026-02-19T11:00:00.000Z,,,,,,51.196630,3.215882,,,,,,
timelinePath,2026-02-19T11:00:00.000Z,2026-02-19T13:00:00.000Z,,,,,,51.204990,3.225467,,,,,,
timelinePath,2026-02-19T13:00:00.000Z,2026-02-19T15:00:00.000Z,,,,,,51.213565,3.228648,,,,,,
timelinePath,2026-02-19T15:00:00.000Z,2026-02-19T17:00:00.000Z,,,,,,51.197155,3.217637,,,,,,
timelinePath,2026-02-19T17:00:00.000Z,2026-02-19T19:00:00.000Z,,,,,,50.845719,4.355613,,,,,,
timelinePath,2026-02-19T19:00:00.000Z,2026-02-19T21:00:00.000Z,,,,,,50.850693,4.344337,,,,,,
timelinePath,2026-02-20T05:00:00.000Z,2026-02-20T07:00:00.000Z,,,,,,50.857778,4.345902,,,,,,
timelinePath,2026-02-20T07:00:00.000Z,2026-02-20T09:00:00.000Z,,,,,,51.526200,4.758349,,,,,,
timelinePath,2026-02-20T09:00:00.000Z,2026-02-20T11:00:00.000Z,,,,,,52.361080,4.878091,,,,,,
timelinePath,2026-02-20T13:00:00.000Z,2026-02-20T15:00:00.000Z,,,,,,52.371041,4.882832,,,,,,
timelinePath,2026-02-20T15:00:00.000Z,2026-02-20T17:00:00.000Z,,,,,,52.362386,4.880531,,,,,,
timelinePath,2026-02-20T17:00:00.000Z,2026-02-20T19:00:00.000Z,,,,,,52.357219,4.879513,,,,,,
timelinePath,2026-02-20T19:00:00.000Z,2026-02-20T21:00:00.000Z,,,,,,52.361022,4.878152,,,,,,
timelinePath,2026-02-20T21:00:00.000Z,2026-02-20T23:00:00.000Z,,,,,,52.360914,4.878017,,,,,,
timelinePath,2026-02-21T05:00:00.000Z,2026-02-21T07:00:00.000Z,,,,,,52.360916,4.878010,,,,,,
timelinePath,2026-02-21T07:00:00.000Z,2026-02-21T09:00:00.000Z,,,,,,52.362355,4.880846,,,,,,
timelinePath,2026-02-21T09:00:00.000Z,2026-02-21T11:00:00.000Z,,,,,,52.393656,4.912470,,,,,,
timelinePath,2026-02-21T11:00:00.000Z,2026-02-21T13:00:00.000Z,,,,,,52.475117,4.818143,,,,,,
timelinePath,2026-02-21T13:00:00.000Z,2026-02-21T15:00:00.000Z,,,,,,52.372239,4.909588,,,,,,
timelinePath,2026-02-21T15:00:00.000Z,2026-02-21T17:00:00.000Z,,,,,,52.371110,4.891881,,,,,,
timelinePath,2026-02-21T19:00:00.000Z,2026-02-21T21:00:00.000Z,,,,,,52.360959,4.877995,,,,,,
timelinePath,2026-02-21T21:00:00.000Z,2026-02-21T23:00:00.000Z,,,,,,52.363707,4.884067,,,,,,
timelinePath,2026-02-22T09:00:00.000Z,2026-02-22T11:00:00.000Z,,,,,,52.361094,4.878082,,,,,,
timelinePath,2026-02-22T11:00:00.000Z,2026-02-22T13:00:00.000Z,,,,,,52.364877,4.884125,,,,,,
timelinePath,2026-02-22T13:00:00.000Z,2026-02-22T15:00:00.000Z,,,,,,52.377101,4.910155,,,,,,
timelinePath,2026-02-22T15:00:00.000Z,2026-02-22T17:00:00.000Z,,,,,,52.362647,4.887948,,,,,,
timelinePath,2026-02-22T17:00:00.000Z,2026-02-22T19:00:00.000Z,,,,,,52.358154,4.862861,,,,,,
timelinePath,2026-02-22T19:00:00.000Z,2026-02-22T21:00:00.000Z,,,,,,52.361015,4.878150,,,,,,
timelinePath,2026-02-23T09:00:00.000Z,2026-02-23T11:00:00.000Z,,,,,,51.530054,-0.123963,,,,,,
timelinePath,2026-02-23T11:00:00.000Z,2026-02-23T13:00:00.000Z,,,,,,51.510197,-0.133868,,,,,,
timelinePath,2026-02-23T15:00:00.000Z,2026-02-23T17:00:00.000Z,,,,,,51.511173,-0.083526,,,,,,
timelinePath,2026-02-23T17:00:00.000Z,2026-02-23T19:00:00.000Z,,,,,,51.506178,-0.101454,,,,,,
timelinePath,2026-02-23T19:00:00.000Z,2026-02-23T21:00:00.000Z,,,,,,51.504424,-0.123039,,,,,,
timelinePath,2026-02-23T23:00:00.000Z,2026-02-24T01:00:00.000Z,,,,,,51.510283,-0.133835,,,,,,
timelinePath,2026-02-24T07:00:00.000Z,2026-02-24T09:00:00.000Z,,,,,,51.510284,-0.133837,,,,,,
timelinePath,2026-02-24T09:00:00.000Z,2026-02-24T11:00:00.000Z,,,,,,51.510477,-0.137380,,,,,,
timelinePath,2026-02-24T11:00:00.000Z,2026-02-24T13:00:00.000Z,,,,,,51.517246,-0.206080,,,,,,
timelinePath,2026-02-24T13:00:00.000Z,2026-02-24T15:00:00.000Z,,,,,,51.510262,-0.183266,,,,,,
timelinePath,2026-02-24T15:00:00.000Z,2026-02-24T17:00:00.000Z,,,,,,51.494731,-0.168979,,,,,,
timelinePath,2026-02-24T17:00:00.000Z,2026-02-24T19:00:00.000Z,,,,,,51.497126,-0.159176,,,,,,
timelinePath,2026-02-24T19:00:00.000Z,2026-02-24T21:00:00.000Z,,,,,,51.503868,-0.019683,,,,,,
timelinePath,2026-02-24T23:00:00.000Z,2026-02-25T01:00:00.000Z,,,,,,51.510157,-0.133942,,,,,,
timelinePath,2026-02-25T07:00:00.000Z,2026-02-25T09:00:00.000Z,,,,,,51.510437,-0.134223,,,,,,
timelinePath,2026-02-25T09:00:00.000Z,2026-02-25T11:00:00.000Z,,,,,,51.517136,-0.142990,,,,,,
timelinePath,2026-02-25T11:00:00.000Z,2026-02-25T13:00:00.000Z,,,,,,51.541519,-0.146291,,,,,,
timelinePath,2026-02-25T13:00:00.000Z,2026-02-25T15:00:00.000Z,,,,,,51.536288,-0.163777,,,,,,
timelinePath,2026-02-25T15:00:00.000Z,2026-02-25T17:00:00.000Z,,,,,,51.528184,-0.150859,,,,,,
timelinePath,2026-02-25T17:00:00.000Z,2026-02-25T19:00:00.000Z,,,,,,51.486889,-0.170104,,,,,,
timelinePath,2026-02-25T19:00:00.000Z,2026-02-25T21:00:00.000Z,,,,,,51.510286,-0.133839,,,,,,
timelinePath,2026-02-25T21:00:00.000Z,2026-02-25T23:00:00.000Z,,,,,,51.510286,-0.133839,,,,,,
timelinePath,2026-02-26T07:00:00.000Z,2026-02-26T09:00:00.000Z,,,,,,51.510456,-0.136477,,,,,,
timelinePath,2026-02-26T09:00:00.000Z,2026-02-26T11:00:00.000Z,,,,,,51.502549,-0.203992,,,,,,
timelinePath,2026-02-26T11:00:00.000Z,2026-02-26T13:00:00.000Z,,,,,,51.499803,-0.163691,,,,,,
timelinePath,2026-02-26T13:00:00.000Z,2026-02-26T15:00:00.000Z,,,,,,51.510217,-0.133763,,,,,,
timelinePath,2026-02-26T15:00:00.000Z,2026-02-26T17:00:00.000Z,,,,,,51.507965,-0.087877,,,,,,
timelinePath,2026-02-26T17:00:00.000Z,2026-02-26T19:00:00.000Z,,,,,,51.513873,-0.101205,,,,,,
timelinePath,2026-02-27T03:00:00.000Z,2026-02-27T05:00:00.000Z,,,,,,51.510478,-0.133965,,,,,,
timelinePath,2026-02-27T05:00:00.000Z,2026-02-27T07:00:00.000Z,,,,,,51.508079,-0.126511,,,,,,
timelinePath,2026-02-27T11:00:00.000Z,2026-02-27T13:00:00.000Z,,,,,,40.410521,-3.700827,,,,,,
timelinePath,2026-02-27T13:00:00.000Z,2026-02-27T15:00:00.000Z,,,,,,40.412505,-3.687360,,,,,,
timelinePath,2026-02-27T15:00:00.000Z,2026-02-27T17:00:00.000Z,,,,,,40.416415,-3.705278,,,,,,
timelinePath,2026-02-27T19:00:00.000Z,2026-02-27T21:00:00.000Z,,,,,,40.410156,-3.700545,,,,,,
timelinePath,2026-02-27T23:00:00.000Z,2026-02-28T01:00:00.000Z,,,,,,40.431578,-3.697158,,,,,,
timelinePath,2026-02-28T05:00:00.000Z,2026-02-28T07:00:00.000Z,,,,,,40.433233,-3.704431,,,,,,
timelinePath,2026-02-28T09:00:00.000Z,2026-02-28T11:00:00.000Z,,,,,,40.410469,-3.701045,,,,,,
timelinePath,2026-02-28T13:00:00.000Z,2026-02-28T15:00:00.000Z,,,,,,40.420235,-3.702994,,,,,,
timelinePath,2026-02-28T15:00:00.000Z,2026-02-28T17:00:00.000Z,,,,,,40.414117,-3.703052,,,,,,
timelinePath,2026-02-28T17:00:00.000Z,2026-02-28T19:00:00.000Z,,,,,,40.420936,-3.706935,,,,,,
timelinePath,2026-02-28T19:00:00.000Z,2026-02-28T21:00:00.000Z,,,,,,40.419423,-3.705294,,,,,,
timelinePath,2026-02-28T21:00:00.000Z,2026-02-28T23:00:00.000Z,,,,,,40.410156,-3.700545,,,,,,
timelinePath,2026-03-01T07:00:00.000Z,2026-03-01T09:00:00.000Z,,,,,,40.410255,-3.700665,,,,,,
timelinePath,2026-03-01T09:00:00.000Z,2026-03-01T11:00:00.000Z,,,,,,40.417550,-3.705911,,,,,,
timelinePath,2026-03-01T11:00:00.000Z,2026-03-01T13:00:00.000Z,,,,,,40.420240,-3.702373,,,,,,
timelinePath,2026-03-01T13:00:00.000Z,2026-03-01T15:00:00.000Z,,,,,,40.411002,-3.700496,,,,,,
timelinePath,2026-03-01T15:00:00.000Z,2026-03-01T17:00:00.000Z,,,,,,40.410282,-3.702723,,,,,,
timelinePath,2026-03-02T01:00:00.000Z,2026-03-02T03:00:00.000Z,,,,,,40.464025,-3.570795,,,,,,
timelinePath,2026-03-04T23:00:00.000Z,2026-03-05T01:00:00.000Z,,,,,,-34.585532,-58.479926,,,,,,
timelinePath,2026-03-05T01:00:00.000Z,2026-03-05T03:00:00.000Z,,,,,,-34.577283,-58.483873,,,,,,
timelinePath,2026-03-05T23:00:00.000Z,2026-03-06T01:00:00.000Z,,,,,,-34.611004,-58.433405,,,,,,
timelinePath,2026-03-06T01:00:00.000Z,2026-03-06T03:00:00.000Z,,,,,,-34.593099,-58.507295,,,,,,
timelinePath,2026-03-06T03:00:00.000Z,2026-03-06T05:00:00.000Z,,,,,,-34.601152,-58.471868,,,,,,
timelinePath,2026-03-08T01:00:00.000Z,2026-03-08T03:00:00.000Z,,,,,,-34.598836,-58.482606,,,,,,
timelinePath,2026-03-08T23:00:00.000Z,2026-03-09T01:00:00.000Z,,,,,,-34.573102,-58.479969,,,,,,
timelinePath,2026-03-09T01:00:00.000Z,2026-03-09T03:00:00.000Z,,,,,,-34.583023,-58.476734,,,,,,
timelinePath,2026-03-10T03:00:00.000Z,2026-03-10T05:00:00.000Z,,,,,,-34.598734,-58.482567,,,,,,
timelinePath,2026-03-10T11:00:00.000Z,2026-03-10T13:00:00.000Z,,,,,,-34.584907,-58.479065,,,,,,
timelinePath,2026-03-10T15:00:00.000Z,2026-03-10T17:00:00.000Z,,,,,,-34.576686,-58.482901,,,,,,
timelinePath,2026-03-11T11:00:00.000Z,2026-03-11T13:00:00.000Z,,,,,,-34.562781,-58.491260,,,,,,
timelinePath,2026-03-11T15:00:00.000Z,2026-03-11T17:00:00.000Z,,,,,,-34.547509,-58.486660,,,,,,
timelinePath,2026-03-12T13:00:00.000Z,2026-03-12T15:00:00.000Z,,,,,,-34.598758,-58.482568,,,,,,
timelinePath,2026-03-12T23:00:00.000Z,2026-03-13T01:00:00.000Z,,,,,,-34.611023,-58.433376,,,,,,
timelinePath,2026-03-13T03:00:00.000Z,2026-03-13T05:00:00.000Z,,,,,,-34.616574,-58.383515,,,,,,
timelinePath,2026-03-13T23:00:00.000Z,2026-03-14T01:00:00.000Z,,,,,,-34.605832,-58.374021,,,,,,
timelinePath,2026-03-14T01:00:00.000Z,2026-03-14T03:00:00.000Z,,,,,,-34.575314,-58.406557,,,,,,
timelinePath,2026-03-14T11:00:00.000Z,2026-03-14T13:00:00.000Z,,,,,,-34.605763,-58.374179,,,,,,
